Municipio;Codigo;Total2020 (ha);Algodăo herbáceo (em caroço);Alho;Amendoim (em casca);Arroz (em casca);Aveia (em grăo);Batatadoce;Batatainglesa;Canadeaçúcar;Cana para forragem;Cebola;Centeio (em grăo);Cevada (em grăo);Ervilha (em grăo);Fava (em grăo);Feijăo (em grăo);Fumo (em folha);Girassol (em grăo);Juta (fibra);Linho (semente);Malva (fibra);Mamona (baga);Mandioca;Melancia;Melăo;Milho (em grăo);Rami (fibra);Soja (em grăo);Sorgo (em grăo);Tomate;Trigo (em grăo)
Adamantina ;3500105;12276;0;0;200;0;0;0;0;11349;0;0;0;0;0;0;0;0;0;0;0;0;0;10;10;0;200;0;500;0;7;0
Adolfo ;3500204;6696;0;0;1100;0;0;0;0;5015;0;0;0;0;0;0;0;0;0;0;0;0;0;0;0;0;85;0;400;0;96;0
Aguaí ;3500303;19880;145;0;0;0;0;0;0;11500;0;0;0;0;0;0;0;0;0;0;0;0;0;190;0;0;5000;0;3000;0;45;0
Águas da Prata ;3500402;680;0;0;0;0;0;0;50;0;0;0;0;0;0;0;30;0;0;0;0;0;0;0;0;0;600;0;0;0;0;0
Águas de Lindóia ;3500501;56;0;0;0;0;0;0;0;0;0;0;0;0;0;0;4;0;0;0;0;0;0;1;0;0;50;0;0;0;1;0
Águas de Santa Bárbara ;3500550;21810;0;0;0;0;0;0;0;5000;0;0;0;0;0;0;710;0;0;0;0;0;0;0;0;0;5300;0;8000;2500;0;0
Águas de Săo Pedro ;3500600;0;0;0;0;0;0;0;0;0;0;0;0;0;0;0;0;0;0;0;0;0;0;0;0;0;0;0;0;0;0;0
Agudos ;3500709;12477;0;0;0;0;0;0;0;10500;0;0;0;0;0;0;0;0;0;0;0;0;0;60;0;0;300;0;1497;120;0;0
Alambari ;3500758;4910;0;0;0;0;0;0;0;800;0;0;0;0;0;0;100;0;0;0;0;0;0;350;300;0;1300;0;1800;0;10;0
Alfredo Marcondes ;3500808;450;0;0;0;0;0;250;0;0;0;0;0;0;0;0;0;0;0;0;0;0;0;50;0;0;150;0;0;0;0;0
Altair ;3500907;15982;0;0;300;0;0;0;0;14700;0;0;0;0;0;0;20;0;0;0;0;0;0;12;0;0;350;0;600;0;0;0
Altinópolis ;3501004;27910;0;0;0;0;0;0;0;23112;0;40;0;0;0;0;115;0;0;0;0;0;0;6;0;0;1547;0;2240;850;0;0
Alto Alegre ;3501103;14120;0;0;1200;0;0;0;0;12700;0;0;0;0;0;0;0;0;0;0;0;0;0;0;20;0;200;0;0;0;0;0
Alumínio ;3501152;271;0;0;0;0;0;0;0;10;0;0;0;0;0;0;0;0;0;0;0;0;0;20;0;0;240;0;0;0;1;0
Álvares Florence ;3501202;9606;290;0;0;0;0;0;0;7954;0;0;0;0;0;0;0;0;0;0;0;0;0;7;4;0;640;0;680;29;1;0
Álvares Machado ;3501301;1995;10;0;5;0;0;400;0;800;0;0;0;0;0;0;30;0;0;0;0;0;0;80;20;0;525;0;45;0;80;0
Álvaro de Carvalho ;3501400;72;0;0;0;0;0;0;0;0;0;0;0;0;0;0;2;0;0;0;0;0;0;10;0;0;60;0;0;0;0;0
Alvinlândia ;3501509;391;0;0;0;0;0;0;0;0;0;0;0;0;0;0;7;0;0;0;0;0;0;122;0;0;260;0;0;0;2;0
Americana ;3501608;2110;0;0;0;0;0;0;0;2110;0;0;0;0;0;0;0;0;0;0;0;0;0;0;0;0;0;0;0;0;0;0
Américo Brasiliense ;3501707;8550;0;0;100;0;0;0;0;8400;0;0;0;0;0;0;0;0;0;0;0;0;0;0;0;0;50;0;0;0;0;0
Américo de Campos ;3501806;8036;144;0;0;0;0;0;0;7200;0;0;0;0;0;0;31;0;0;0;0;0;0;0;1;0;250;0;350;60;0;0
Amparo ;3501905;2901;0;0;0;1;7;1;0;1675;0;0;0;0;0;0;19;0;0;0;0;0;0;13;0;0;1120;0;48;3;14;0
Analândia ;3502002;10680;0;0;0;0;0;0;0;9600;0;0;0;0;0;0;0;0;0;0;0;0;0;0;0;0;480;0;600;0;0;0
Andradina ;3502101;42129;0;0;370;0;0;0;0;40309;0;0;0;0;0;0;150;0;0;0;0;0;0;40;0;0;1100;0;30;0;130;0
Angatuba ;3502200;16142;216;0;0;0;0;0;150;400;0;0;0;0;0;0;1050;0;0;0;0;0;0;10;15;0;5500;0;7500;600;1;0
Anhembi ;3502309;12700;0;0;0;0;0;0;0;10800;0;0;0;0;0;0;0;0;0;0;0;0;0;1400;0;0;500;0;0;0;0;0
Anhumas ;3502408;8841;0;0;100;0;0;442;0;5934;0;0;0;0;0;0;15;0;0;0;0;0;0;0;60;0;765;0;1500;0;25;0
Aparecida ;3502507;260;0;0;0;260;0;0;0;0;0;0;0;0;0;0;0;0;0;0;0;0;0;0;0;0;0;0;0;0;0;0
Aparecida d'Oeste ;3502606;1765;0;0;0;0;0;0;0;1600;0;0;0;0;0;0;0;0;0;0;0;0;0;15;0;0;150;0;0;0;0;0
Apiaí ;3502705;6622;0;0;0;2;0;2;6;0;0;8;0;0;0;0;36;0;0;0;0;0;0;15;3;0;5000;0;1200;0;0;0
Araçariguama ;3502754;166;0;0;0;0;0;0;0;0;0;0;0;0;0;0;0;0;0;0;0;0;0;15;0;0;150;0;0;0;1;0
Araçatuba ;3502804;48319;0;0;0;0;0;0;0;33800;0;0;0;0;0;0;0;0;0;0;0;0;0;192;0;0;6400;0;7400;500;0;0
Araçoiaba da Serra ;3502903;3237;0;0;0;0;0;1;0;200;0;0;0;0;0;0;80;0;0;0;0;0;0;303;90;0;1450;0;1000;0;5;0
Aramina ;3503000;14263;0;0;7;0;0;0;0;12000;0;0;0;0;0;0;4;0;0;0;0;0;0;0;0;0;236;0;1916;100;0;0
Arandu ;3503109;14800;0;0;0;0;0;0;0;300;0;0;0;0;0;0;1200;0;0;0;0;0;0;100;0;0;5600;0;7000;0;0;0
Arapeí ;3503158;99;0;0;0;0;0;0;0;59;0;0;0;0;0;0;15;0;0;0;0;0;0;0;0;0;25;0;0;0;0;0
Araraquara ;3503208;41050;0;0;300;0;0;10;0;38000;0;0;0;0;0;0;60;0;0;0;0;0;0;55;0;0;1100;0;1500;20;5;0
Araras ;3503307;43350;0;0;0;0;0;0;0;40000;0;0;0;0;0;0;0;0;0;0;0;0;0;450;0;0;1500;0;1400;0;0;0
ArcoÍris ;3503356;6555;0;0;2000;0;0;50;0;3000;0;0;0;0;0;0;0;0;0;0;0;0;0;1215;40;0;250;0;0;0;0;0
Arealva ;3503406;13322;0;0;1200;0;0;0;0;10372;0;0;0;0;0;0;23;0;53;0;0;0;0;7;125;0;100;0;986;450;6;0
Areias ;3503505;129;0;0;0;4;0;0;0;30;0;0;0;0;0;0;30;0;0;0;0;0;0;5;0;0;60;0;0;0;0;0
Areiópolis ;3503604;8030;0;0;0;0;0;0;0;8000;0;0;0;0;0;0;0;0;0;0;0;0;0;0;0;0;30;0;0;0;0;0
Ariranha ;3503703;8860;0;0;200;0;0;0;0;8600;0;0;0;0;0;0;0;0;0;0;0;0;0;0;0;0;30;0;30;0;0;0
Artur Nogueira ;3503802;6731;0;0;0;0;0;0;0;4000;0;0;0;0;0;0;9;0;0;0;0;0;0;672;0;0;1800;0;250;0;0;0
Arujá ;3503901;0;0;0;0;0;0;0;0;0;0;0;0;0;0;0;0;0;0;0;0;0;0;0;0;0;0;0;0;0;0;0
Aspásia ;3503950;947;0;0;0;0;0;0;0;945;0;0;0;0;0;0;0;0;0;0;0;0;0;1;0;0;1;0;0;0;0;0
Assis ;3504008;27884;0;0;500;0;200;0;0;10481;0;0;0;0;0;0;0;0;0;0;0;0;0;806;0;0;7895;0;8000;0;2;0
Atibaia ;3504107;2619;0;0;0;0;300;0;0;50;0;0;0;0;0;0;50;0;0;0;0;0;0;40;0;0;1100;0;1000;70;9;0
Auriflama ;3504206;8008;0;0;0;0;0;0;0;7080;0;0;0;0;0;0;0;0;0;0;0;0;0;0;45;0;600;0;250;0;0;0
Avaí ;3504305;2718;0;0;0;0;0;76;0;1712;0;0;0;0;0;0;0;0;0;0;0;0;0;460;420;0;50;0;0;0;0;0
Avanhandava ;3504404;24212;0;0;0;0;0;0;0;23500;0;0;0;0;0;0;0;0;0;0;0;0;0;0;0;0;100;0;612;0;0;0
Avaré ;3504503;29890;0;0;0;0;0;0;0;10000;0;0;0;0;0;0;1700;0;0;0;0;0;0;90;0;0;7000;0;8500;200;0;0
Bady Bassitt ;3504602;3471;0;0;200;0;0;5;0;2236;0;0;0;0;0;0;0;0;0;0;0;0;0;30;0;0;500;0;500;0;0;0
Balbinos ;3504701;5276;0;0;0;0;0;0;0;5236;0;0;0;0;0;0;0;0;0;0;0;0;0;0;0;0;40;0;0;0;0;0
Bálsamo ;3504800;7450;0;0;300;0;0;0;0;6650;0;0;0;0;0;0;0;0;0;0;0;0;0;0;0;0;100;0;400;0;0;0
Bananal ;3504909;336;0;0;0;0;0;0;0;60;0;0;0;0;0;0;35;0;0;0;0;0;0;0;0;0;241;0;0;0;0;0
Barăo de Antonina ;3505005;5191;0;0;0;0;0;0;0;0;0;0;0;0;0;0;160;0;0;0;0;0;0;0;0;0;731;0;4000;25;25;0
Barbosa ;3505104;11860;0;0;280;0;0;0;0;11300;0;0;0;0;0;0;0;0;0;0;0;0;0;0;0;0;180;0;100;0;0;0
Bariri ;3505203;24698;0;0;670;0;0;0;0;21000;0;0;0;0;0;0;30;0;60;0;0;0;0;38;0;0;1350;0;1500;50;0;0
Barra Bonita ;3505302;8472;0;0;0;0;0;0;0;8406;0;0;0;0;0;0;0;0;0;0;0;0;0;2;0;0;8;0;56;0;0;0
Barra do Chapéu ;3505351;916;0;2;0;5;0;3;1;10;0;4;0;0;0;0;62;0;0;0;0;0;0;24;3;0;400;0;0;0;400;0
Barra do Turvo ;3505401;352;0;0;0;49;0;1;0;3;0;0;0;0;0;0;107;0;0;0;0;0;0;30;1;0;160;0;0;0;0;0
Barretos ;3505500;78701;0;0;2100;0;0;0;0;67200;0;0;0;0;0;0;0;0;0;0;0;0;0;75;0;0;4000;0;5072;250;0;0
Barrinha ;3505609;11033;0;0;400;0;0;0;0;10500;0;0;0;0;0;0;0;0;0;0;0;0;0;0;0;0;50;0;83;0;0;0
Barueri ;3505708;0;0;0;0;0;0;0;0;0;0;0;0;0;0;0;0;0;0;0;0;0;0;0;0;0;0;0;0;0;0;0
Bastos ;3505807;2010;0;0;0;0;0;0;0;1850;0;0;0;0;0;0;0;0;0;0;0;0;0;0;0;0;160;0;0;0;0;0
Batatais ;3505906;51045;0;0;0;15;0;0;0;45200;0;0;0;0;0;0;30;0;0;0;0;0;0;0;0;0;2000;0;3800;0;0;0
Bauru ;3506003;2509;0;0;480;0;0;0;0;1473;0;0;0;0;0;0;0;0;0;0;0;0;0;15;0;0;500;0;0;0;1;0
Bebedouro ;3506102;42287;0;0;1000;0;0;0;0;38710;0;0;0;0;0;0;0;0;0;0;0;0;0;20;0;0;465;0;2000;85;0;0
Bento de Abreu ;3506201;18420;0;0;0;0;0;0;0;16800;0;0;0;0;0;0;0;0;0;0;0;0;0;0;0;0;620;0;890;110;0;0
Bernardino de Campos ;3506300;10370;0;0;0;0;0;0;0;4500;0;0;0;0;0;0;120;0;0;0;0;0;0;0;0;0;2000;0;3500;50;0;0
Bertioga ;3506359;0;0;0;0;0;0;0;0;0;0;0;0;0;0;0;0;0;0;0;0;0;0;0;0;0;0;0;0;0;0;0
Bilac ;3506409;8468;0;0;0;0;0;0;0;3900;0;0;0;0;0;0;0;0;0;0;0;0;0;0;0;0;2068;0;2500;0;0;0
Birigui ;3506508;30516;0;0;0;0;0;0;0;9300;0;0;0;0;0;0;0;0;0;0;0;0;0;0;0;0;6200;0;11816;3200;0;0
Biritiba Mirim ;3506607;32;0;0;0;0;0;20;0;0;0;0;0;0;0;0;0;0;0;0;0;0;0;10;0;0;0;0;0;0;2;0
Boa Esperança do Sul ;3506706;37190;0;0;800;0;0;0;0;35000;0;0;0;0;0;0;0;0;40;0;0;0;0;150;0;0;400;0;800;0;0;0
Bocaina ;3506805;16704;0;0;0;0;0;0;0;16000;0;0;0;0;0;0;0;0;0;0;0;0;0;3;0;0;350;0;351;0;0;0
Bofete ;3506904;560;0;0;0;0;0;0;0;160;0;0;0;0;0;0;0;0;0;0;0;0;0;200;0;0;200;0;0;0;0;0
Boituva ;3507001;7020;0;0;0;0;0;0;0;6000;0;0;0;0;0;0;15;0;0;0;0;0;0;5;0;0;400;0;600;0;0;0
Bom Jesus dos Perdőes ;3507100;39;0;0;0;0;0;1;0;0;0;0;0;0;0;0;0;0;0;0;0;0;0;8;0;0;30;0;0;0;0;0
Bom Sucesso de Itararé ;3507159;190;0;0;0;0;0;0;1;0;0;3;0;0;0;0;20;0;0;0;0;0;0;4;2;0;150;0;0;0;10;0
Borá ;3507209;5687;0;0;545;0;0;0;0;5039;0;0;0;0;0;0;0;0;0;0;0;0;0;103;0;0;0;0;0;0;0;0
Boracéia ;3507308;8087;0;0;0;0;0;0;0;7300;0;0;0;0;0;0;0;0;0;0;0;0;0;0;0;0;60;0;727;0;0;0
Borborema ;3507407;33878;0;0;3000;0;0;20;0;29340;0;0;0;0;0;0;0;0;0;0;0;0;0;20;300;0;400;0;498;300;0;0
Borebi ;3507456;5873;0;0;0;0;0;1;0;4292;0;0;0;0;0;0;0;0;0;0;0;0;0;15;0;0;0;0;1390;175;0;0
Botucatu ;3507506;29587;0;0;0;38;0;3;0;20300;0;0;0;0;0;0;1030;0;0;0;0;0;0;60;0;0;5225;0;2314;3;34;0
Bragança Paulista ;3507605;5359;0;0;0;0;15;0;50;5;0;0;0;0;0;0;56;0;0;0;0;0;0;15;0;0;4000;0;800;0;35;0
Braúna ;3507704;8797;0;0;220;0;0;800;0;7200;0;0;0;0;0;0;0;0;0;0;0;0;0;107;0;0;200;0;270;0;0;0
Brejo Alegre ;3507753;7564;0;0;0;0;0;0;0;1700;0;0;0;0;0;0;0;0;0;0;0;0;0;14;0;0;250;0;3200;2400;0;0
Brodowski ;3507803;15144;0;0;0;0;0;0;0;14394;0;0;0;0;0;0;0;0;0;0;0;0;0;0;0;0;400;0;350;0;0;0
Brotas ;3507902;37101;0;0;1069;0;0;0;0;33200;0;0;0;0;0;0;111;0;0;0;0;0;0;42;0;0;1303;0;1254;122;0;0
Buri ;3508009;45892;0;0;0;0;0;82;230;0;0;0;0;0;0;0;2240;0;0;0;0;0;0;0;40;0;14710;0;21000;850;240;0
Buritama ;3508108;10572;0;0;37;0;0;0;0;9000;0;0;0;0;0;0;90;0;0;0;0;0;0;0;0;0;550;0;590;300;5;0
Buritizal ;3508207;13787;0;0;165;0;0;0;0;11600;0;0;0;0;0;0;0;0;0;0;0;0;0;12;0;0;200;0;1600;200;10;0
Cabrália Paulista ;3508306;615;0;0;0;0;0;0;0;323;0;0;0;0;0;0;0;0;0;0;0;0;0;130;0;0;30;0;130;0;1;0
Cabreúva ;3508405;145;0;0;0;0;0;0;0;5;0;0;0;0;0;0;15;0;0;0;0;0;0;5;0;0;120;0;0;0;0;0
Caçapava ;3508504;3440;0;0;0;1300;0;0;80;2000;0;0;0;0;0;0;60;0;0;0;0;0;0;0;0;0;0;0;0;0;0;0
Cachoeira Paulista ;3508603;338;0;0;0;150;0;0;0;100;0;0;0;0;0;0;18;0;0;0;0;0;0;0;0;0;50;0;0;0;20;0
Caconde ;3508702;1072;0;0;0;0;0;0;20;200;0;2;0;0;0;0;25;0;0;0;0;0;0;5;0;0;700;0;120;0;0;0
Cafelândia ;3508801;35036;0;0;1452;0;0;0;0;32635;0;0;0;0;0;0;0;0;0;0;0;0;0;2;117;0;165;0;600;0;65;0
Caiabu ;3508900;6505;0;0;0;0;0;95;0;5950;0;0;0;0;0;0;0;0;0;0;0;0;0;0;0;0;460;0;0;0;0;0
Caieiras ;3509007;1;0;0;0;0;0;0;0;1;0;0;0;0;0;0;0;0;0;0;0;0;0;0;0;0;0;0;0;0;0;0
Caiuá ;3509106;3749;0;0;0;0;0;0;0;2821;0;0;0;0;0;0;0;0;0;0;0;0;0;570;50;0;100;0;200;0;3;0
Cajamar ;3509205;1;0;0;0;0;0;0;0;0;0;0;0;0;0;0;0;0;0;0;0;0;0;1;0;0;0;0;0;0;0;0
Cajati ;3509254;59;0;0;0;0;0;0;0;3;0;0;0;0;0;0;5;0;0;0;0;0;0;26;0;0;25;0;0;0;0;0
Cajobi ;3509304;8455;0;0;194;0;0;100;0;7986;0;0;0;0;0;0;0;0;0;0;0;0;0;0;0;0;0;0;170;0;0;0
Cajuru ;3509403;24375;0;0;150;0;0;0;0;23000;0;0;0;0;0;0;0;0;0;0;0;0;0;25;0;0;800;0;400;0;0;0
Campina do Monte Alegre ;3509452;12033;0;0;0;0;0;0;200;0;0;0;0;0;0;0;400;0;0;0;0;0;0;2;30;0;5700;0;4000;1000;1;0
Campinas ;3509502;2823;0;0;0;0;0;1;0;1600;0;0;0;0;0;0;50;0;0;0;0;0;0;120;0;0;250;0;800;0;2;0
Campo Limpo Paulista ;3509601;0;0;0;0;0;0;0;0;0;0;0;0;0;0;0;0;0;0;0;0;0;0;0;0;0;0;0;0;0;0;0
Campos do Jordăo ;3509700;16;0;0;0;0;0;0;0;0;0;0;0;0;0;0;1;0;0;0;0;0;0;0;0;0;15;0;0;0;0;0
Campos Novos Paulista ;3509809;37396;0;0;900;0;250;0;0;7395;0;0;0;0;0;0;57;0;0;0;0;0;0;2995;0;0;10310;0;13938;1550;1;0
Cananéia ;3509908;135;0;0;0;8;0;1;0;5;0;0;0;0;0;0;6;0;0;0;0;0;0;108;1;0;5;0;0;0;0;0
Canas ;3509957;400;0;0;0;400;0;0;0;0;0;0;0;0;0;0;0;0;0;0;0;0;0;0;0;0;0;0;0;0;0;0
Cândido Mota ;3510005;71830;0;0;0;0;500;0;0;21000;0;0;0;0;0;0;340;0;0;0;0;0;0;255;0;0;24100;0;25600;0;5;0
Cândido Rodrigues ;3510104;2707;0;0;100;0;0;80;0;2340;0;24;0;0;0;0;0;0;0;0;0;0;0;23;0;0;140;0;0;0;0;0
Canitar ;3510153;5129;0;0;0;0;0;0;0;2564;0;0;0;0;0;0;0;0;0;0;0;0;0;0;0;0;1054;0;1511;0;0;0
Capăo Bonito ;3510203;47600;0;0;0;0;0;80;250;0;0;80;0;0;0;0;5000;0;0;0;0;0;0;15;25;0;17000;0;19000;0;150;0
Capela do Alto ;3510302;3152;0;0;0;0;0;0;0;500;0;0;0;0;0;0;150;0;0;0;0;0;0;250;100;0;950;0;700;0;2;0
Capivari ;3510401;21680;0;0;0;0;0;0;0;21500;0;0;0;0;0;0;0;0;0;0;0;0;0;0;0;0;150;0;30;0;0;0
Caraguatatuba ;3510500;21;0;0;0;0;0;0;0;0;0;0;0;0;0;0;0;0;0;0;0;0;0;21;0;0;0;0;0;0;0;0
Carapicuíba ;3510609;0;0;0;0;0;0;0;0;0;0;0;0;0;0;0;0;0;0;0;0;0;0;0;0;0;0;0;0;0;0;0
Cardoso ;3510708;21687;1397;0;0;0;0;0;0;16673;0;0;0;0;0;0;637;0;0;0;0;0;0;0;0;0;452;0;2466;0;62;0
Casa Branca ;3510807;50120;0;0;0;0;0;20;4500;17800;0;350;0;0;0;0;3200;0;0;0;0;0;0;300;0;0;10750;0;12800;400;0;0
Cássia dos Coqueiros ;3510906;2479;0;0;20;4;0;0;0;1800;0;0;0;0;0;0;5;0;0;0;0;0;0;0;0;0;300;0;350;0;0;0
Castilho ;3511003;41470;0;0;0;0;0;0;0;38750;0;0;0;0;0;0;100;0;0;0;0;0;0;120;0;0;500;0;2000;0;0;0
Catanduva ;3511102;15806;0;0;220;0;0;0;0;15423;0;0;0;0;0;0;0;0;0;0;0;0;18;30;0;0;5;0;110;0;0;0
Catiguá ;3511201;8722;0;0;0;0;0;0;0;8500;0;0;0;0;0;0;0;0;0;0;0;0;0;22;0;0;200;0;0;0;0;0
Cedral ;3511300;5631;0;0;0;0;0;0;0;5400;0;0;0;0;0;0;1;0;0;0;0;0;0;15;0;0;130;0;85;0;0;0
Cerqueira César ;3511409;24500;0;0;0;0;0;0;0;10000;0;0;0;0;0;0;1000;0;0;0;0;0;0;0;0;0;5900;0;5950;0;0;0
Cerquilho ;3511508;6482;0;0;0;0;0;0;0;5302;0;0;0;0;0;0;80;0;0;0;0;0;0;0;0;0;400;0;700;0;0;0
Cesário Lange ;3511607;16824;0;0;0;0;0;0;0;13200;0;0;0;0;0;0;170;0;0;0;0;0;0;0;0;0;1250;0;2100;0;4;0
Charqueada ;3511706;9653;0;0;0;0;0;0;0;9500;0;0;0;0;0;0;0;0;0;0;0;0;0;13;0;0;140;0;0;0;0;0
Clementina ;3511904;6706;0;0;0;0;0;270;0;5700;0;0;0;0;0;0;0;0;0;0;0;0;0;66;0;0;80;0;590;0;0;0
Colina ;3512001;26820;0;0;600;0;0;0;0;25120;0;0;0;0;0;0;50;0;0;0;0;0;0;0;0;0;450;0;600;0;0;0
Colômbia ;3512100;42689;0;0;2500;0;0;0;0;38000;0;0;0;0;0;0;0;0;0;0;0;0;0;14;0;0;90;0;2000;0;0;0
Conchal ;3512209;8120;0;0;0;0;0;0;0;2800;0;0;0;0;0;0;0;0;0;0;0;0;0;800;0;0;1000;0;3500;0;20;0
Conchas ;3512308;3157;0;0;0;0;0;0;0;2670;0;0;0;0;0;0;0;0;0;0;0;0;0;7;0;0;240;0;240;0;0;0
Cordeirópolis ;3512407;11331;0;0;0;0;0;0;0;10250;0;0;0;0;0;0;0;0;0;0;0;0;0;6;0;0;800;0;270;0;5;0
Coroados ;3512506;17070;0;0;0;0;0;225;0;9300;0;0;0;0;0;0;0;0;0;0;0;0;0;0;0;0;3500;0;3700;345;0;0
Coronel Macedo ;3512605;21401;0;0;0;0;0;0;0;0;0;0;0;0;0;0;2000;0;0;0;0;0;0;0;0;0;4000;0;9500;1500;1;0
Corumbataí ;3512704;4375;0;1;0;0;0;0;2;3700;0;0;0;0;0;0;51;0;0;0;0;0;0;110;1;0;200;0;200;110;0;0
Cosmópolis ;3512803;6880;0;0;0;0;0;0;0;6080;0;0;0;0;0;0;0;0;0;0;0;0;0;50;0;0;600;0;140;0;10;0
Cosmorama ;3512902;17731;50;0;242;0;0;0;0;17000;0;0;0;0;0;0;36;0;0;0;0;0;0;3;0;0;200;0;200;0;0;0
Cotia ;3513009;0;0;0;0;0;0;0;0;0;0;0;0;0;0;0;0;0;0;0;0;0;0;0;0;0;0;0;0;0;0;0
Cravinhos ;3513108;22420;0;0;300;0;0;0;0;21780;0;0;0;0;0;0;0;0;0;0;0;0;0;0;0;0;300;0;0;0;40;0
Cristais Paulista ;3513207;7100;0;0;0;0;0;0;0;5500;0;0;0;0;0;0;0;0;0;0;0;0;0;0;0;0;1000;0;600;0;0;0
Cruzália ;3513306;19737;0;0;0;60;8;0;0;3407;0;0;0;0;0;0;0;0;0;0;0;0;0;1;0;0;8580;0;7680;0;1;0
Cruzeiro ;3513405;222;0;0;0;52;0;2;0;25;0;0;0;0;0;0;50;0;0;0;0;0;0;20;0;0;61;0;0;0;12;0
Cubatăo ;3513504;0;0;0;0;0;0;0;0;0;0;0;0;0;0;0;0;0;0;0;0;0;0;0;0;0;0;0;0;0;0;0
Cunha ;3513603;966;0;0;0;0;0;0;10;0;0;0;0;0;0;0;100;0;0;0;0;0;0;16;0;0;840;0;0;0;0;0
Descalvado ;3513702;31195;0;0;0;0;0;0;280;29000;0;0;0;0;0;0;2;0;0;0;0;0;0;61;0;0;850;0;1000;0;0;0
Dirce Reis ;3513850;2050;0;0;0;0;0;0;0;2000;0;0;0;0;0;0;0;0;0;0;0;0;0;0;0;0;50;0;0;0;0;0
Divinolândia ;3513900;1685;0;0;0;0;0;0;600;0;0;300;0;0;0;0;0;0;0;0;0;0;0;0;0;0;750;0;30;0;5;0
Dobrada ;3514007;10756;0;0;500;0;0;0;0;10000;0;0;0;0;0;0;0;0;0;0;0;0;0;6;0;0;40;0;210;0;0;0
Dois Córregos ;3514106;40340;0;0;68;0;0;0;0;39000;0;0;0;0;0;0;0;0;0;0;0;0;0;66;0;0;280;0;924;0;0;0
Dolcinópolis ;3514205;2430;0;0;0;0;0;0;0;2400;0;0;0;0;0;0;0;0;0;0;0;0;0;0;0;0;30;0;0;0;0;0
Dourado ;3514304;6861;0;0;0;0;0;0;0;6000;0;0;0;0;0;0;0;0;0;0;0;0;0;0;0;0;630;0;230;0;1;0
Dracena ;3514403;13846;0;0;1000;0;0;3;0;12500;0;0;0;0;0;0;0;0;0;0;0;0;0;26;15;0;300;0;0;0;1;0
Duartina ;3514502;308;0;0;0;0;0;0;0;197;0;0;0;0;0;0;0;0;0;0;0;0;0;60;0;0;50;0;0;0;1;0
Dumont ;3514601;10107;0;0;1200;0;0;0;0;8500;0;0;0;0;0;0;0;0;0;0;0;0;0;5;0;0;72;0;300;30;0;0
Echaporă ;3514700;11197;0;0;1200;0;300;8;0;2400;0;0;0;0;0;0;8;0;0;0;0;0;0;2005;25;0;2050;0;3200;0;1;0
Eldorado ;3514809;133;0;0;0;20;0;1;0;0;0;0;0;0;0;0;30;0;0;0;0;0;0;5;0;0;75;0;0;0;1;0
Elias Fausto ;3514908;7790;0;0;0;0;0;30;170;6200;0;0;0;0;0;0;0;0;0;0;0;0;0;20;0;0;600;0;700;0;70;0
Elisiário ;3514924;6193;0;0;0;0;0;0;0;6167;0;0;0;0;0;0;0;0;0;0;0;0;20;6;0;0;0;0;0;0;0;0
Embaúba ;3514957;6290;0;0;72;0;0;7;0;6150;0;0;0;0;0;0;0;0;0;0;0;0;0;0;0;0;10;0;50;0;0;0
Embu das Artes ;3515004;0;0;0;0;0;0;0;0;0;0;0;0;0;0;0;0;0;0;0;0;0;0;0;0;0;0;0;0;0;0;0
EmbuGuaçu ;3515103;7;0;0;0;0;0;0;0;0;0;0;0;0;0;0;0;0;0;0;0;0;0;2;0;0;4;0;0;0;1;0
Emilianópolis ;3515129;5646;0;0;0;0;0;300;0;3388;0;0;0;0;0;0;0;0;0;0;0;0;0;0;1;0;985;0;972;0;0;0
Engenheiro Coelho ;3515152;5141;0;0;0;0;0;35;4;2400;0;0;0;0;0;0;2;0;0;0;0;0;0;800;0;0;1300;0;600;0;0;0
Espírito Santo do Pinhal ;3515186;2783;0;0;0;0;0;3;25;1700;0;0;0;0;0;0;25;0;0;0;0;0;0;10;0;0;1000;0;0;0;20;0
Espírito Santo do Turvo ;3515194;5192;0;0;0;0;0;0;0;2169;0;0;0;0;0;0;0;0;0;0;0;0;0;22;250;0;650;0;2100;0;1;0
Estrela d'Oeste ;3515202;9310;0;0;0;0;0;0;0;8670;0;0;0;0;0;0;0;0;0;0;0;0;0;0;0;0;400;0;80;160;0;0
Estrela do Norte ;3515301;8737;0;0;0;0;0;0;0;7772;0;0;0;0;0;0;0;0;0;0;0;0;0;330;0;0;120;0;515;0;0;0
Euclides da Cunha Paulista ;3515350;6407;0;0;0;0;0;3;0;4094;0;0;0;0;0;0;0;0;0;0;0;0;0;1010;0;0;800;0;500;0;0;0
Fartura ;3515400;8500;0;0;0;0;0;0;0;200;0;0;0;0;0;0;400;0;0;0;0;0;0;0;0;0;2800;0;5000;100;0;0
Fernandópolis ;3515509;17700;0;0;0;0;0;0;0;17000;0;0;0;0;0;0;0;0;0;0;0;0;0;0;0;0;500;0;200;0;0;0
Fernando Prestes ;3515608;9926;0;0;300;0;0;55;0;9500;0;0;0;0;0;0;0;0;0;0;0;0;0;38;0;0;33;0;0;0;0;0
Fernăo ;3515657;663;0;0;0;0;0;0;0;1;0;0;0;0;0;0;2;0;0;0;0;0;0;160;0;0;300;0;200;0;0;0
Ferraz de Vasconcelos ;3515707;0;0;0;0;0;0;0;0;0;0;0;0;0;0;0;0;0;0;0;0;0;0;0;0;0;0;0;0;0;0;0
Flora Rica ;3515806;5554;0;0;200;0;0;50;0;4200;0;0;0;0;0;0;0;0;0;0;0;0;0;4;0;0;500;0;600;0;0;0
Floreal ;3515905;3200;0;0;0;0;0;0;0;2700;0;0;0;0;0;0;0;0;0;0;0;0;0;0;0;0;300;0;200;0;0;0
Flórida Paulista ;3516002;19632;60;0;300;0;0;100;0;18100;0;0;0;0;0;0;50;0;0;0;0;0;0;10;5;5;700;0;300;0;2;0
Florínea ;3516101;23594;0;0;0;0;96;0;0;8876;0;0;0;0;0;0;0;0;0;0;0;0;0;2;0;0;7070;0;7550;0;0;0
Franca ;3516200;5428;0;0;0;0;0;0;0;3880;0;0;0;0;0;0;40;0;0;0;0;0;0;6;0;0;500;0;1000;0;2;0
Francisco Morato ;3516309;0;0;0;0;0;0;0;0;0;0;0;0;0;0;0;0;0;0;0;0;0;0;0;0;0;0;0;0;0;0;0
Franco da Rocha ;3516408;20;0;0;0;0;0;0;0;0;0;0;0;0;0;0;0;0;0;0;0;0;0;20;0;0;0;0;0;0;0;0
Gabriel Monteiro ;3516507;5335;0;0;410;0;0;20;0;4300;0;0;0;0;0;0;0;0;0;0;0;0;0;0;0;0;280;0;325;0;0;0
Gália ;3516606;2224;0;0;0;0;0;2;0;0;0;0;0;0;0;0;50;0;0;0;0;0;0;670;0;0;650;0;850;0;2;0
Garça ;3516705;4251;0;0;600;0;0;1;0;0;0;0;0;0;0;0;30;0;0;0;0;0;0;520;0;0;2500;0;600;0;0;0
Gastăo Vidigal ;3516804;5935;0;0;0;0;0;0;0;5450;0;0;0;0;0;0;0;0;0;0;0;0;0;1;1;0;190;0;290;0;2;0
Gaviăo Peixoto ;3516853;8859;0;0;200;0;0;0;0;6300;0;0;0;0;0;0;0;0;150;0;0;0;0;302;0;0;500;0;1400;0;0;0
General Salgado ;3516903;14193;0;0;87;0;0;0;0;13000;0;0;0;0;0;0;0;0;0;0;0;0;0;0;6;0;500;0;600;0;0;0
Getulina ;3517000;23175;0;0;3500;0;0;120;0;18450;0;0;0;0;0;0;0;0;0;0;0;0;0;530;25;0;200;0;300;50;0;0
Glicério ;3517109;12410;0;0;0;0;0;240;0;10000;0;0;0;0;0;0;0;0;0;0;0;0;0;0;0;0;120;0;2050;0;0;0
Guaiçara ;3517208;8214;0;0;688;0;0;0;0;7055;0;0;0;0;0;0;0;0;0;0;0;0;0;5;0;0;71;0;395;0;0;0
Guaimbę ;3517307;4598;0;0;1079;0;0;11;0;2500;0;0;0;0;0;0;0;0;0;0;0;0;0;748;35;0;225;0;0;0;0;0
Guaíra ;3517406;109320;0;0;0;0;0;0;0;62000;0;0;0;0;0;0;2300;0;0;0;0;0;0;20;0;0;20300;0;23500;600;600;0
Guapiaçu ;3517505;16739;0;0;100;0;0;0;0;15376;0;4;0;0;0;0;0;0;0;0;0;0;0;7;2;0;150;0;1100;0;0;0
Guapiara ;3517604;11930;0;0;0;4;0;25;5;0;0;10;0;0;0;0;175;0;0;0;0;0;0;10;1;0;2500;0;4500;0;700;0
Guará ;3517703;27859;0;0;0;0;0;0;0;22800;0;0;0;0;0;0;0;0;0;0;0;0;0;3;0;0;587;0;4218;250;1;0
Guaraçaí ;3517802;26972;0;0;0;0;0;0;0;25000;0;0;0;0;0;0;0;0;0;0;0;0;0;60;12;0;300;0;0;0;0;0
Guaraci ;3517901;41436;0;0;0;0;0;7;0;39900;0;0;0;0;0;0;0;0;0;0;0;0;0;4;0;0;885;0;640;0;0;0
Guarani d'Oeste ;3518008;1890;0;0;0;0;0;0;0;1600;0;0;0;0;0;0;0;0;0;0;0;0;0;0;0;0;250;0;30;10;0;0
Guarantă ;3518107;13769;0;0;2000;0;0;0;0;11249;0;0;0;0;0;0;0;0;0;0;0;0;0;8;130;0;180;0;200;0;2;0
Guararapes ;3518206;47890;0;0;100;0;0;0;0;40100;0;0;0;0;0;0;0;0;0;0;0;0;0;0;0;0;2000;0;5150;500;40;0
Guararema ;3518305;171;0;0;0;0;0;1;0;20;0;0;0;0;0;0;40;0;0;0;0;0;0;100;0;0;0;0;0;0;10;0
Guaratinguetá ;3518404;2385;0;0;0;2100;0;0;0;0;0;0;0;0;0;0;0;0;0;0;0;0;0;25;0;0;190;0;70;0;0;0
Guareí ;3518503;6341;0;0;0;6;0;0;0;750;0;0;0;0;0;0;93;0;0;0;0;0;0;50;140;0;3250;0;1750;0;2;0
Guariba ;3518602;25184;0;0;2500;0;0;0;0;21200;0;0;0;0;0;0;0;0;0;0;0;0;0;0;0;0;164;0;1320;0;0;0
Guarujá ;3518701;0;0;0;0;0;0;0;0;0;0;0;0;0;0;0;0;0;0;0;0;0;0;0;0;0;0;0;0;0;0;0
Guarulhos ;3518800;0;0;0;0;0;0;0;0;0;0;0;0;0;0;0;0;0;0;0;0;0;0;0;0;0;0;0;0;0;0;0
Guatapará ;3518859;26394;0;5;171;0;0;0;0;25391;0;0;0;0;0;0;0;0;0;0;0;0;0;18;0;0;772;0;37;0;0;0
Guzolândia ;3518909;4050;0;0;50;0;0;0;0;3100;0;0;0;0;0;0;0;0;0;0;0;0;0;0;0;0;300;0;600;0;0;0
Herculândia ;3519006;17210;0;0;5800;0;0;48;0;10100;0;0;0;0;0;0;0;0;0;0;0;0;0;432;0;0;480;0;350;0;0;0
Holambra ;3519055;1907;0;0;0;0;0;0;0;300;0;0;0;0;0;0;34;0;25;0;0;0;0;4;0;0;700;0;600;20;4;0
Hortolândia ;3519071;0;0;0;0;0;0;0;0;0;0;0;0;0;0;0;0;0;0;0;0;0;0;0;0;0;0;0;0;0;0;0
Iacanga ;3519105;26114;0;0;1000;0;0;0;0;20390;0;0;0;0;0;0;0;0;223;0;0;0;0;0;0;0;500;0;4000;0;1;0
Iacri ;3519204;12425;0;0;1080;0;0;490;0;10600;0;0;0;0;0;0;0;0;0;0;0;0;0;165;0;0;90;0;0;0;0;0
Iaras ;3519253;7307;0;0;0;0;0;0;0;4100;0;0;0;0;0;0;200;0;0;0;0;0;0;45;0;0;850;0;1500;0;0;0
Ibaté ;3519303;15245;0;0;0;0;0;0;0;15000;0;0;0;0;0;0;0;0;0;0;0;0;0;0;0;0;105;0;140;0;0;0
Ibirá ;3519402;14024;0;0;0;0;0;0;0;12900;0;0;0;0;0;0;0;0;0;0;0;0;0;24;0;0;650;0;450;0;0;0
Ibirarema ;3519501;26365;0;0;0;0;0;0;0;7500;0;0;0;0;0;0;35;0;0;0;0;0;0;800;0;0;6400;0;11130;0;0;0
Ibitinga ;3519600;36840;0;0;3000;0;0;0;0;31000;0;0;0;0;0;0;0;0;0;0;0;0;0;40;0;0;800;0;2000;0;0;0
Ibiúna ;3519709;3153;0;1;0;2;0;3;250;0;0;200;0;0;0;0;280;0;0;0;0;0;0;110;0;0;1700;0;250;0;107;0
Icém ;3519808;10960;0;0;1300;0;0;0;0;8500;0;0;0;0;0;0;0;0;0;0;0;0;0;0;0;0;850;0;200;100;0;0
Iepę ;3519907;44832;0;0;850;0;0;0;0;20000;0;0;0;0;0;0;280;0;0;0;0;0;0;82;0;0;11220;0;12050;350;0;0
Igaraçu do Tietę ;3520004;6889;0;0;0;0;0;0;0;6886;0;0;0;0;0;0;0;0;0;0;0;0;0;0;0;0;3;0;0;0;0;0
Igarapava ;3520103;27875;0;0;85;0;0;0;0;25150;0;0;0;0;0;0;0;0;0;0;0;0;0;28;0;0;350;0;2190;70;2;0
Igaratá ;3520202;1;0;0;0;0;0;0;0;0;0;0;0;0;0;0;0;0;0;0;0;0;0;1;0;0;0;0;0;0;0;0
Iguape ;3520301;2242;0;0;0;2000;0;0;0;0;0;0;0;0;0;0;30;0;0;0;0;0;0;172;0;0;40;0;0;0;0;0
Ilhabela ;3520400;0;0;0;0;0;0;0;0;0;0;0;0;0;0;0;0;0;0;0;0;0;0;0;0;0;0;0;0;0;0;0
Ilha Solteira ;3520442;19772;0;0;265;0;0;0;0;18500;0;0;0;0;0;0;90;0;0;0;0;0;0;20;0;0;100;0;797;0;0;0
Indaiatuba ;3520509;4083;0;0;0;0;0;0;200;2000;0;0;0;0;0;0;600;0;0;0;0;0;0;23;0;0;900;0;350;0;10;0
Indiana ;3520608;1367;0;0;304;0;0;161;0;52;0;0;0;0;0;0;0;0;0;0;0;0;0;606;0;0;122;0;122;0;0;0
Indiaporă ;3520707;6590;0;0;0;0;0;0;0;5000;0;0;0;0;0;0;0;0;0;0;0;0;0;0;0;0;300;0;890;400;0;0
Inúbia Paulista ;3520806;2602;0;0;0;0;0;0;0;2400;0;0;0;0;0;0;0;0;0;0;0;0;0;0;0;0;2;0;200;0;0;0
Ipaussu ;3520905;19049;0;0;0;0;0;0;0;16840;0;0;0;0;0;0;0;0;0;0;0;0;0;9;0;0;800;0;1400;0;0;0
Iperó ;3521002;1747;0;0;0;0;0;3;0;900;0;0;0;0;0;0;88;0;0;0;0;0;0;110;20;0;508;0;115;0;3;0
Ipeúna ;3521101;5227;0;0;0;0;0;0;0;5000;0;0;0;0;0;0;0;0;0;0;0;0;0;25;0;0;200;0;0;0;0;0
Ipiguá ;3521150;2983;0;0;100;0;0;0;0;2500;0;0;0;0;0;0;0;0;0;0;0;0;0;7;5;0;220;0;150;0;1;0
Iporanga ;3521200;369;0;0;0;50;0;15;0;15;0;0;0;0;0;0;100;0;0;0;0;0;0;35;0;0;150;0;0;0;1;0
Ipuă ;3521309;40625;0;0;0;0;0;0;0;28000;0;0;0;0;0;0;179;0;0;0;0;0;0;1;0;0;1923;0;10183;300;39;0
Iracemápolis ;3521408;8214;0;0;0;0;0;0;0;7700;0;0;0;0;0;0;0;0;0;0;0;0;0;4;0;0;10;0;500;0;0;0
Irapuă ;3521507;13484;0;0;300;0;0;6;0;11260;0;0;0;0;0;0;0;0;0;0;0;0;0;0;0;0;1700;0;200;0;18;0
Irapuru ;3521606;4664;0;0;0;0;0;0;0;4500;0;0;0;0;0;0;20;0;0;0;0;0;0;10;4;0;130;0;0;0;0;0
Itaberá ;3521705;87703;0;2;0;10;50;6;500;0;0;3;0;0;0;0;5200;0;0;0;0;0;0;40;10;0;15000;0;41000;800;80;0
Itaí ;3521804;75090;4000;0;0;0;0;0;1000;15000;0;0;0;0;0;0;8000;0;0;0;0;0;0;90;0;0;13500;0;20000;2500;0;0
Itajobi ;3521903;27440;0;0;1000;0;0;0;0;26000;0;0;0;0;0;0;0;10;0;0;0;0;0;30;0;0;400;0;0;0;0;0
Itaju ;3522000;8518;0;0;550;0;0;0;0;7000;0;0;0;0;0;0;0;0;90;0;0;0;0;0;73;0;225;0;400;180;0;0
Itanhaém ;3522109;12;0;0;0;0;0;0;0;0;0;0;0;0;0;0;0;0;0;0;0;0;0;12;0;0;0;0;0;0;0;0
Itaoca ;3522158;153;0;0;1;2;0;2;0;25;0;0;0;0;0;0;45;0;0;0;0;0;0;23;0;0;45;0;0;0;10;0
Itapecerica da Serra ;3522208;0;0;0;0;0;0;0;0;0;0;0;0;0;0;0;0;0;0;0;0;0;0;0;0;0;0;0;0;0;0;0
Itapetininga ;3522307;49750;0;0;0;0;0;0;1000;6000;0;0;0;0;0;0;800;0;0;0;0;0;0;170;250;0;12000;0;22500;3000;30;0
Itapeva ;3522406;177357;1500;0;2;300;0;80;2100;2500;0;130;0;2000;0;0;10000;0;0;0;0;0;0;45;200;0;45500;0;81000;2500;1500;0
Itapevi ;3522505;0;0;0;0;0;0;0;0;0;0;0;0;0;0;0;0;0;0;0;0;0;0;0;0;0;0;0;0;0;0;0
Itapira ;3522604;6927;0;0;0;3;0;0;0;4866;0;0;0;0;0;0;3;0;0;0;0;0;0;270;0;0;1280;0;500;0;5;0
Itapirapuă Paulista ;3522653;129;0;0;0;5;0;1;0;15;0;1;0;0;0;0;40;0;0;0;0;0;0;10;5;0;50;0;0;0;0;0
Itápolis ;3522703;44250;0;0;2300;0;0;150;0;33000;0;0;0;0;0;0;0;0;300;0;0;0;0;600;1400;0;2100;0;3500;900;0;0
Itaporanga ;3522802;15711;0;0;0;0;0;0;0;0;0;0;0;0;0;0;200;0;0;0;0;0;0;10;0;0;1000;0;12000;500;1;0
Itapuí ;3522901;9187;0;0;0;0;0;0;0;8550;0;0;0;0;0;0;0;0;0;0;0;0;0;0;0;0;540;0;97;0;0;0
Itapura ;3523008;14180;0;0;0;0;0;0;0;10600;0;0;0;0;0;0;357;0;0;0;0;0;0;20;0;0;1563;0;1340;300;0;0
Itaquaquecetuba ;3523107;0;0;0;0;0;0;0;0;0;0;0;0;0;0;0;0;0;0;0;0;0;0;0;0;0;0;0;0;0;0;0
Itararé ;3523206;48105;0;0;0;0;3000;0;0;30;0;15;0;0;0;0;3550;0;0;0;0;0;0;19;120;0;7800;0;22000;1200;70;0
Itariri ;3523305;40;0;0;0;0;0;0;0;0;0;0;0;0;0;0;0;0;0;0;0;0;0;40;0;0;0;0;0;0;0;0
Itatiba ;3523404;1432;0;0;0;0;0;0;0;110;0;0;0;0;0;0;25;0;0;0;0;0;0;22;0;0;1200;0;60;0;15;0
Itatinga ;3523503;10550;0;0;0;0;0;0;0;7050;0;0;0;0;0;0;0;0;0;0;0;0;0;20;0;0;2000;0;1480;0;0;0
Itirapina ;3523602;8385;0;0;0;0;0;0;0;7500;0;0;0;0;0;0;2;0;0;0;0;0;0;2;0;0;580;0;300;0;1;0
Itirapuă ;3523701;1070;0;0;0;0;0;0;0;800;0;0;0;0;0;0;20;0;0;0;0;0;0;0;0;0;200;0;50;0;0;0
Itobi ;3523800;6050;0;0;0;0;0;0;0;1800;0;250;0;0;0;0;770;0;0;0;0;0;0;30;0;0;2200;0;1000;0;0;0
Itu ;3523909;2210;0;0;0;0;0;0;0;1400;0;0;0;0;0;0;0;0;0;0;0;0;0;10;0;0;500;0;300;0;0;0
Itupeva ;3524006;191;0;0;0;0;0;0;0;8;0;0;0;0;0;0;0;0;0;0;0;0;0;30;0;0;150;0;0;0;3;0
Ituverava ;3524105;58518;0;0;0;0;0;0;91;47500;0;0;0;0;0;0;122;0;0;0;0;0;0;0;0;0;1984;0;8407;350;64;0
Jaborandi ;3524204;21793;0;0;475;0;0;0;0;18800;0;0;0;0;0;0;172;0;0;0;0;0;0;0;0;0;676;0;1670;0;0;0
Jaboticabal ;3524303;70635;0;0;7700;0;0;0;0;57550;0;190;0;0;0;0;10;0;0;0;0;0;0;65;0;0;1300;0;3670;0;150;0
Jacareí ;3524402;20;0;0;0;0;0;0;0;8;0;0;0;0;0;0;4;0;0;0;0;0;0;4;0;0;3;0;0;0;1;0
Jaci ;3524501;7591;0;0;53;0;0;0;0;7018;0;0;0;0;0;0;0;0;0;0;0;0;0;70;0;0;400;0;50;0;0;0
Jacupiranga ;3524600;76;0;0;0;20;0;0;0;1;0;0;0;0;0;0;0;0;0;0;0;0;0;15;0;0;40;0;0;0;0;0
Jaguariúna ;3524709;3004;0;0;0;0;0;0;0;2500;0;0;0;0;0;0;20;0;0;0;0;0;0;10;0;0;350;0;120;0;4;0
Jales ;3524808;5743;0;0;0;0;0;0;0;5600;0;0;0;0;0;0;0;0;0;0;0;0;0;40;0;0;100;0;0;0;0;0
Jambeiro ;3524907;74;0;0;0;4;0;0;0;0;0;0;0;0;0;0;70;0;0;0;0;0;0;0;0;0;0;0;0;0;0;0
Jandira ;3525003;0;0;0;0;0;0;0;0;0;0;0;0;0;0;0;0;0;0;0;0;0;0;0;0;0;0;0;0;0;0;0
Jardinópolis ;3525102;40507;0;0;1700;0;0;0;0;36000;0;0;0;0;0;0;0;0;0;0;0;0;0;7;0;0;650;0;2000;150;0;0
Jarinu ;3525201;439;0;0;0;0;0;0;0;20;0;0;0;0;0;0;9;0;0;0;0;0;0;30;0;0;380;0;0;0;0;0
Jaú ;3525300;48116;0;0;193;18;0;0;0;44000;0;0;0;0;0;0;0;0;0;0;0;0;0;22;0;0;500;0;2834;549;0;0
Jeriquara ;3525409;5943;0;0;0;0;0;0;0;4600;0;59;0;0;0;0;35;0;0;0;0;0;0;1;0;0;247;0;1000;0;1;0
Joanópolis ;3525508;237;0;0;0;0;0;0;30;0;0;5;0;0;0;0;20;0;0;0;0;0;0;4;0;0;170;0;0;0;8;0
Joăo Ramalho ;3525607;16760;0;0;1100;0;0;150;0;13650;0;0;0;0;0;0;0;0;0;0;0;0;0;160;0;0;150;0;1550;0;0;0
José Bonifácio ;3525706;44624;0;0;3500;0;0;7;0;36000;0;0;0;0;0;0;0;0;0;0;0;0;0;20;97;0;800;0;4200;0;0;0
Júlio Mesquita ;3525805;720;0;0;460;0;0;0;0;0;0;0;0;0;0;0;0;0;0;0;0;0;0;160;0;0;100;0;0;0;0;0
Jumirim ;3525854;610;0;0;0;0;0;0;0;440;0;0;0;0;0;0;20;0;0;0;0;0;0;0;0;0;120;0;30;0;0;0
Jundiaí ;3525904;296;0;0;0;0;0;0;0;0;0;0;0;0;1;0;14;0;0;0;0;0;0;80;0;0;200;0;0;0;1;0
Junqueirópolis ;3526001;25964;72;0;740;0;0;2;0;24900;0;0;0;0;0;0;0;0;0;0;0;0;0;9;0;0;200;0;40;0;1;0
Juquiá ;3526100;82;0;0;0;0;0;0;0;0;0;0;0;0;0;0;5;0;0;0;0;0;0;70;0;0;5;0;0;0;0;0
Juquitiba ;3526209;0;0;0;0;0;0;0;0;0;0;0;0;0;0;0;0;0;0;0;0;0;0;0;0;0;0;0;0;0;0;0
Lagoinha ;3526308;281;0;0;0;0;0;0;0;0;0;0;0;0;0;0;15;0;0;0;0;0;0;14;0;0;250;0;0;0;2;0
Laranjal Paulista ;3526407;4762;0;0;0;0;0;2;0;500;0;0;0;0;0;0;0;0;0;0;0;0;0;10;0;0;4100;0;150;0;0;0
Lavínia ;3526506;24204;0;0;0;0;0;0;0;22750;0;0;0;0;0;0;0;0;0;0;0;0;0;0;0;0;445;0;939;0;0;0
Lavrinhas ;3526605;59;0;0;0;2;0;0;0;0;0;0;0;0;0;0;22;0;0;0;0;0;0;10;0;0;22;0;0;0;3;0
Leme ;3526704;29394;35;0;0;0;0;0;0;24300;0;0;0;0;0;0;0;0;0;0;0;0;0;45;0;0;2200;0;2800;0;14;0
Lençóis Paulista ;3526803;43270;0;0;0;0;0;0;0;40000;0;0;0;0;0;0;0;0;0;0;0;0;0;0;0;0;150;0;3120;0;0;0
Limeira ;3526902;12510;0;0;0;0;0;0;0;10000;0;0;0;0;0;0;10;0;0;0;0;0;0;300;0;0;1000;0;1200;0;0;0
Lindóia ;3527009;69;0;0;0;0;7;0;0;17;0;0;0;0;0;0;8;0;0;0;0;0;0;0;0;0;30;0;0;0;7;0
Lins ;3527108;27425;0;0;480;0;0;0;0;26000;0;0;0;0;0;0;0;0;0;0;0;0;0;2;0;0;450;0;480;0;13;0
Lorena ;3527207;241;0;0;0;150;0;0;0;0;0;0;0;0;0;0;15;0;0;0;0;0;0;0;0;0;56;0;20;0;0;0
Lourdes ;3527256;4350;0;0;480;0;0;0;0;2300;0;0;0;0;0;0;0;0;0;0;0;0;0;0;0;0;180;0;800;590;0;0
Louveira ;3527306;82;0;0;0;0;0;0;0;15;0;0;0;0;0;0;2;0;0;0;0;0;0;14;0;0;50;0;0;0;1;0
Lucélia ;3527405;9047;0;0;50;0;0;0;0;7900;0;0;0;0;0;0;0;0;0;0;0;0;0;17;0;0;80;0;1000;0;0;0
Lucianópolis ;3527504;1431;0;0;0;0;0;0;0;380;0;0;0;0;0;0;0;0;0;0;0;0;0;400;300;0;150;0;200;0;1;0
Luís Antônio ;3527603;38100;0;0;1000;0;0;0;0;35000;0;0;0;0;0;0;0;0;0;0;0;0;0;0;0;0;600;0;1500;0;0;0
Luiziânia ;3527702;6091;0;0;350;0;0;380;0;5161;0;0;0;0;0;0;0;0;0;0;0;0;0;40;0;0;80;0;80;0;0;0
Lupércio ;3527801;1598;0;0;0;0;0;0;0;0;0;0;0;0;0;0;2;0;0;0;0;0;0;242;0;0;150;0;1200;0;4;0
Lutécia ;3527900;16605;0;0;2800;0;0;105;0;8100;0;0;0;0;0;0;0;0;0;0;0;0;0;100;200;0;1800;0;3500;0;0;0
Macatuba ;3528007;15764;0;0;0;0;0;0;0;14193;0;0;0;0;0;0;76;0;0;0;0;0;0;31;0;0;170;0;1294;0;0;0
Macaubal ;3528106;7225;0;0;900;0;0;0;0;6000;0;0;0;0;0;0;0;0;0;0;0;0;0;3;0;0;200;0;120;0;2;0
Macedônia ;3528205;6640;0;0;0;0;0;0;0;6000;0;0;0;0;0;0;0;0;0;0;0;0;0;0;0;0;240;0;400;0;0;0
Magda ;3528304;16380;0;0;0;0;0;0;0;15200;0;0;0;0;0;0;0;0;0;0;0;0;0;0;0;0;280;0;900;0;0;0
Mairinque ;3528403;734;0;0;0;0;0;0;0;0;0;0;0;0;0;0;0;0;0;0;0;0;0;12;0;0;360;0;360;0;2;0
Mairiporă ;3528502;0;0;0;0;0;0;0;0;0;0;0;0;0;0;0;0;0;0;0;0;0;0;0;0;0;0;0;0;0;0;0
Manduri ;3528601;13000;0;0;0;0;0;0;0;3350;0;0;0;0;0;0;4050;0;0;0;0;0;0;0;0;0;3600;0;2000;0;0;0
Marabá Paulista ;3528700;16054;0;0;0;0;0;0;0;14674;0;0;0;0;0;0;0;0;0;0;0;0;0;320;0;0;1000;0;50;0;0;0
Maracaí ;3528809;66775;0;0;0;12;350;0;0;13252;0;0;0;0;0;0;0;0;0;0;0;0;0;6;0;0;26200;0;26935;0;0;0
Marapoama ;3528858;6620;0;0;200;0;0;0;0;6196;0;0;0;0;0;0;0;0;0;0;0;0;8;16;0;0;100;0;100;0;0;0
Mariápolis ;3528908;1550;0;0;100;0;0;100;0;810;0;0;0;0;0;0;200;0;0;0;0;0;0;60;50;0;100;0;50;0;80;0
Marília ;3529005;11605;0;0;3000;0;0;0;0;4000;0;0;0;0;0;0;0;0;0;0;0;0;0;1380;0;0;2500;0;700;0;25;0
Marinópolis ;3529104;405;0;0;0;0;0;0;0;350;0;0;0;0;0;0;0;0;0;0;0;0;0;15;0;0;40;0;0;0;0;0
Martinópolis ;3529203;48950;1200;0;3000;0;0;150;0;36000;0;0;0;0;0;0;0;0;0;0;0;0;0;2000;100;0;3500;0;3000;0;0;0
Matăo ;3529302;26870;0;0;150;0;0;0;0;22000;0;0;0;0;0;0;0;0;40;0;0;0;0;30;0;0;1150;0;3500;0;0;0
Mauá ;3529401;0;0;0;0;0;0;0;0;0;0;0;0;0;0;0;0;0;0;0;0;0;0;0;0;0;0;0;0;0;0;0
Mendonça ;3529500;8210;0;0;800;0;0;0;0;6410;0;0;0;0;0;0;0;0;0;0;0;0;0;0;0;0;750;0;250;0;0;0
Meridiano ;3529609;9050;0;0;0;0;0;0;0;8150;0;0;0;0;0;0;0;0;0;0;0;0;0;0;0;0;600;0;300;0;0;0
Mesópolis ;3529658;7430;0;0;0;0;0;0;0;7000;0;0;0;0;0;0;0;0;0;0;0;0;0;6;0;0;30;0;350;0;44;0
Miguelópolis ;3529708;72142;0;0;0;0;0;0;400;40133;0;0;0;0;0;0;2400;0;0;0;0;0;0;9;0;0;6000;0;18150;4050;1000;0
Mineiros do Tietę ;3529807;12043;0;0;0;0;0;0;0;11310;0;0;0;0;0;0;0;0;0;0;0;0;0;76;0;0;200;0;417;40;0;0
Miracatu ;3530003;4;0;0;0;0;0;0;0;0;0;0;0;0;0;0;0;0;0;0;0;0;0;4;0;0;0;0;0;0;0;0
Mira Estrela ;3529906;2100;0;0;0;0;0;0;0;1500;0;0;0;0;0;0;0;0;0;0;0;0;0;0;0;0;500;0;100;0;0;0
Mirandópolis ;3530102;26072;0;0;0;0;0;0;0;24000;0;0;0;0;0;0;5;0;0;0;0;0;0;70;16;0;800;0;800;0;31;0
Mirante do Paranapanema ;3530201;29418;0;0;0;0;0;2;0;22000;0;0;0;0;0;0;90;0;0;0;0;0;0;2510;10;0;2300;0;2500;0;1;0
Mirassol ;3530300;9290;0;0;200;0;0;2;0;7310;0;0;0;0;0;0;10;0;0;0;0;0;0;32;0;0;620;0;1116;0;0;0
Mirassolândia ;3530409;4811;0;0;150;1;0;0;0;4100;0;0;0;0;0;0;0;0;0;0;0;0;0;40;0;0;70;0;450;0;0;0
Mococa ;3530508;25259;0;0;0;0;0;5;0;19000;0;400;0;0;0;0;350;0;0;0;0;0;0;1;0;0;4000;0;1000;500;3;0
Mogi das Cruzes ;3530607;339;0;0;0;0;0;0;25;0;0;0;0;0;0;0;10;0;0;0;0;0;0;200;0;0;20;0;0;0;84;0
Mogi Guaçu ;3530706;21635;170;0;0;0;0;0;400;11000;0;0;0;0;0;0;400;0;0;0;0;0;0;165;0;0;3100;0;5000;0;400;0
Mogi Mirim ;3530805;13825;0;0;0;0;0;0;0;6065;0;0;0;0;0;0;40;0;0;0;0;0;0;2900;0;0;1700;0;3000;0;120;0
Mombuca ;3530904;8207;0;0;0;0;0;0;0;8000;0;0;0;0;0;0;0;0;0;0;0;0;0;0;0;0;160;0;45;0;2;0
Monçőes ;3531001;2465;0;0;0;0;0;0;0;2000;0;0;0;0;0;0;0;0;0;0;0;0;0;0;0;0;120;0;340;0;0;0
Mongaguá ;3531100;0;0;0;0;0;0;0;0;0;0;0;0;0;0;0;0;0;0;0;0;0;0;0;0;0;0;0;0;0;0;0
Monte Alegre do Sul ;3531209;224;0;0;0;0;0;0;0;75;0;0;0;0;0;0;4;0;0;0;0;0;0;2;0;0;140;0;0;0;3;0
Monte Alto ;3531308;11740;0;0;200;0;0;0;0;9600;0;800;0;0;0;0;0;0;0;0;0;0;0;80;0;0;400;0;600;0;60;0
Monte Aprazível ;3531407;18328;0;0;1000;0;0;0;0;16000;0;0;0;0;0;0;0;0;0;0;0;0;0;10;6;0;300;0;1000;0;9;0
Monte Azul Paulista ;3531506;13326;0;0;250;0;0;5;0;12660;0;0;0;0;0;0;0;0;0;0;0;0;0;11;0;0;100;0;300;0;0;0
Monte Castelo ;3531605;8883;0;0;216;0;0;0;0;8010;0;0;0;0;0;0;0;0;0;0;0;0;0;0;6;0;30;0;620;0;1;0
Monteiro Lobato ;3531803;0;0;0;0;0;0;0;0;0;0;0;0;0;0;0;0;0;0;0;0;0;0;0;0;0;0;0;0;0;0;0
Monte Mor ;3531704;8805;0;0;0;0;0;0;0;7000;0;0;0;0;0;0;0;0;0;0;0;0;0;5;0;0;1500;0;300;0;0;0
Morro Agudo ;3531902;113520;0;0;1000;0;0;0;0;99000;0;0;0;0;0;0;0;0;0;0;0;0;0;0;0;0;1165;0;11855;500;0;0
Morungaba ;3532009;1139;0;0;0;0;0;1;15;3;0;0;0;0;0;0;17;0;0;0;0;0;0;3;0;0;995;0;101;0;4;0
Motuca ;3532058;12492;0;0;170;0;0;9;0;11505;0;0;0;0;0;0;0;0;0;0;0;0;0;14;0;0;50;0;720;0;2;0
Murutinga do Sul ;3532108;4600;0;0;0;0;0;0;0;4000;0;0;0;0;0;0;200;0;0;0;0;0;0;20;0;0;200;0;100;0;0;0
Nantes ;3532157;23716;0;0;280;0;0;0;0;5913;0;0;0;0;0;0;0;0;0;0;0;0;0;23;0;0;8200;0;9300;0;0;0
Narandiba ;3532207;28440;0;0;0;0;0;0;0;24000;0;0;0;0;0;0;0;0;0;0;0;0;0;200;0;0;2240;0;2000;0;0;0
Natividade da Serra ;3532306;40;0;0;0;0;0;0;0;0;0;0;0;0;0;0;0;0;0;0;0;0;0;0;0;0;40;0;0;0;0;0
Nazaré Paulista ;3532405;455;0;0;0;5;0;2;0;32;0;0;0;0;0;0;5;0;0;0;0;0;0;10;0;0;400;0;0;0;1;0
Neves Paulista ;3532504;9508;0;0;1000;0;0;0;0;7400;0;0;0;0;0;0;0;0;0;0;0;0;0;8;0;0;300;0;800;0;0;0
Nhandeara ;3532603;11805;0;0;0;0;0;0;0;10000;0;0;0;0;0;0;0;0;0;0;0;0;0;0;0;0;500;0;1200;100;5;0
Nipoă ;3532702;5488;0;0;64;0;0;0;0;5000;0;0;0;0;0;0;0;0;0;0;0;0;0;14;0;0;105;0;305;0;0;0
Nova Aliança ;3532801;9313;0;0;0;0;0;0;0;9100;0;0;0;0;0;0;0;0;0;0;0;0;0;10;0;0;200;0;0;0;0;0
Nova Campina ;3532827;476;0;0;0;0;0;1;0;2;0;1;0;0;0;0;10;0;0;0;0;0;0;6;6;0;200;0;200;0;50;0
Nova Canaă Paulista ;3532843;1660;0;0;0;0;0;0;0;1580;0;0;0;0;0;0;0;0;0;0;0;0;0;10;0;0;70;0;0;0;0;0
Nova Castilho ;3532868;5040;0;0;0;0;0;0;0;3900;0;0;0;0;0;0;0;0;0;0;0;0;0;0;0;0;400;0;700;40;0;0
Nova Europa ;3532900;9350;0;0;400;0;0;0;0;7100;0;0;0;0;0;0;0;0;0;0;0;0;0;0;0;0;650;0;1200;0;0;0
Nova Granada ;3533007;19513;0;0;300;0;0;0;0;16000;0;0;0;0;0;0;20;0;0;0;0;0;0;20;0;0;1920;0;1200;50;1;0
Nova Guataporanga ;3533106;980;0;0;0;0;0;0;0;950;0;0;0;0;0;0;0;0;0;0;0;0;0;0;0;0;30;0;0;0;0;0
Nova Independęncia ;3533205;11513;0;0;0;0;0;0;0;11500;0;0;0;0;0;0;10;0;0;0;0;0;0;0;3;0;0;0;0;0;0;0
Novais ;3533304;5676;0;0;100;0;0;0;0;5000;0;0;0;0;0;0;0;0;0;0;0;0;0;0;0;0;75;0;500;0;1;0
Nova Luzitânia ;3533403;2460;0;0;0;0;0;0;0;2150;0;0;0;0;0;0;0;0;0;0;0;0;0;10;0;0;110;0;190;0;0;0
Nova Odessa ;3533254;1805;0;0;0;0;0;0;0;1200;0;0;0;0;0;0;0;0;0;0;0;0;0;160;0;0;415;0;30;0;0;0
Novo Horizonte ;3533502;44953;0;0;2000;0;0;0;0;42500;0;0;0;0;0;0;12;0;0;0;0;0;0;40;0;0;400;0;0;0;0;0
Nuporanga ;3533601;28796;0;0;0;0;0;0;0;23000;0;0;0;0;0;0;0;0;0;0;0;0;0;0;0;0;1340;0;4124;330;2;0
Ocauçu ;3533700;5745;0;0;450;0;0;0;0;1725;0;0;0;0;0;0;0;0;0;0;0;0;0;2810;60;0;0;0;700;0;0;0
Óleo ;3533809;15930;0;0;0;0;0;0;0;4300;0;0;0;0;0;0;0;0;0;0;0;0;0;0;0;0;5630;0;5990;0;10;0
Olímpia ;3533908;45333;0;0;400;0;0;10;0;43800;0;0;0;0;0;0;0;0;0;0;0;0;0;20;0;0;700;0;400;0;0;0
Onda Verde ;3534005;10281;0;0;550;0;0;0;0;9300;0;0;0;0;0;0;50;0;0;0;0;0;0;1;0;0;230;0;150;0;0;0
Oriente ;3534104;4242;0;0;1600;0;0;0;0;2500;0;0;0;0;0;0;0;0;0;0;0;0;0;92;0;0;50;0;0;0;0;0
Orindiúva ;3534203;14320;0;0;0;0;0;0;0;12000;0;0;0;0;0;0;20;0;0;0;0;0;0;0;0;0;100;0;2100;80;20;0
Orlândia ;3534302;20580;0;0;80;0;0;0;0;18000;0;0;0;0;0;0;0;0;0;0;0;0;0;0;0;0;100;0;2100;300;0;0
Osasco ;3534401;0;0;0;0;0;0;0;0;0;0;0;0;0;0;0;0;0;0;0;0;0;0;0;0;0;0;0;0;0;0;0
Oscar Bressane ;3534500;3341;0;0;834;0;0;0;0;1357;0;0;0;0;0;0;0;0;0;0;0;0;0;210;520;0;250;0;150;0;20;0
Osvaldo Cruz ;3534609;3465;0;0;0;0;0;15;0;2850;0;0;0;0;0;0;10;0;0;0;0;0;0;10;30;0;350;0;200;0;0;0
Ourinhos ;3534708;22304;0;0;0;0;0;0;0;16600;0;0;0;0;0;0;0;0;0;0;0;0;0;2;0;0;2100;0;3600;0;2;0
Ouroeste ;3534807;12120;0;0;0;0;0;0;0;10000;0;0;0;0;0;0;0;0;0;0;0;0;0;0;0;0;520;0;1000;600;0;0
Ouro Verde ;3534757;10656;0;0;1000;0;0;0;0;9500;0;0;0;0;0;0;0;0;0;0;0;0;0;3;53;0;30;0;70;0;0;0
Pacaembu ;3534906;8199;0;0;700;0;0;30;0;6500;0;0;0;0;0;0;120;0;0;0;0;0;0;30;6;0;500;0;250;0;3;0
Palestina ;3535002;30828;0;0;200;0;0;0;0;27000;0;0;0;0;0;0;36;0;0;0;0;0;0;13;4;0;797;0;2675;24;79;0
Palmares Paulista ;3535101;4149;0;0;35;0;0;0;0;3903;0;0;0;0;0;0;0;0;0;0;0;0;0;7;0;0;4;0;200;0;0;0
Palmeira d'Oeste ;3535200;861;0;0;0;0;0;0;0;800;0;0;0;0;0;0;0;0;0;0;0;0;0;25;0;0;30;0;0;0;6;0
Palmital ;3535309;70154;0;0;0;0;150;0;0;18935;0;0;0;0;0;0;0;0;0;0;0;0;0;354;0;0;21615;0;28750;0;0;0
Panorama ;3535408;8940;0;0;500;0;0;0;0;8340;0;0;0;0;0;0;0;0;0;0;0;0;0;0;0;0;100;0;0;0;0;0
Paraguaçu Paulista ;3535507;50436;0;0;2500;0;0;0;0;41200;0;0;0;0;0;0;0;0;0;0;0;0;0;416;15;0;2500;0;3800;0;5;0
Paraibuna ;3535606;0;0;0;0;0;0;0;0;0;0;0;0;0;0;0;0;0;0;0;0;0;0;0;0;0;0;0;0;0;0;0
Paraíso ;3535705;9509;0;0;120;0;0;100;0;8500;0;0;0;0;0;0;12;0;100;0;0;0;0;25;0;0;150;0;500;0;0;0
Paranapanema ;3535804;56550;1300;0;0;0;0;0;3270;2577;0;0;0;170;0;0;6500;0;0;0;0;0;0;13;200;0;10500;0;21000;2000;0;0
Paranapuă ;3535903;6142;0;0;0;0;0;0;0;5800;0;0;0;0;0;0;0;0;0;0;0;0;0;5;0;0;60;0;200;0;73;0
Parapuă ;3536000;9810;0;0;1100;0;0;0;0;6500;0;0;0;0;0;0;0;0;0;0;0;0;0;510;0;0;700;0;1000;0;0;0
Pardinho ;3536109;4226;0;0;0;0;0;0;163;75;0;0;0;0;0;0;502;0;0;0;0;0;0;0;0;0;1654;0;1432;0;0;0
PariqueraAçu ;3536208;210;0;0;0;10;0;3;0;5;0;0;0;0;0;0;15;0;0;0;0;0;0;50;17;0;100;0;0;0;0;0
Parisi ;3536257;1710;0;0;0;0;0;0;0;1200;0;0;0;0;0;0;0;0;0;0;0;0;0;10;0;0;500;0;0;0;0;0
Patrocínio Paulista ;3536307;20101;0;0;0;0;0;0;0;18750;0;0;0;0;0;0;30;0;0;0;0;0;0;20;0;0;500;0;800;0;1;0
Paulicéia ;3536406;12377;0;0;400;0;0;0;0;11900;0;0;0;0;0;0;2;0;0;0;0;0;30;15;0;0;30;0;0;0;0;0
Paulínia ;3536505;0;0;0;0;0;0;0;0;0;0;0;0;0;0;0;0;0;0;0;0;0;0;0;0;0;0;0;0;0;0;0
Paulistânia ;3536570;1569;0;0;0;0;0;0;0;1039;0;0;0;0;0;0;0;0;0;0;0;0;0;25;44;0;200;0;260;0;0;0
Paulo de Faria ;3536604;40508;298;0;0;0;0;0;0;36640;0;0;0;0;0;0;20;0;0;0;0;0;0;0;0;0;745;0;2600;81;124;0
Pederneiras ;3536703;40217;0;0;250;0;0;0;0;34240;0;0;0;0;0;0;0;0;0;0;0;0;0;10;0;0;1970;0;3562;180;0;0
Pedra Bela ;3536802;1687;0;0;0;0;0;0;150;15;0;0;0;0;0;0;20;0;0;0;0;0;0;0;0;0;1200;0;300;0;2;0
Pedranópolis ;3536901;7340;0;0;0;0;0;0;0;7000;0;0;0;0;0;0;0;0;0;0;0;0;0;0;0;0;250;0;90;0;0;0
Pedregulho ;3537008;8549;0;0;0;10;0;0;0;6400;0;0;0;0;0;0;20;0;0;0;0;0;0;17;0;0;1500;0;600;0;2;0
Pedreira ;3537107;73;0;0;0;0;0;0;0;0;0;0;0;0;0;0;4;0;0;0;0;0;0;17;0;0;52;0;0;0;0;0
Pedrinhas Paulista ;3537156;19302;0;0;0;280;100;0;0;2700;0;0;0;0;0;0;6;0;0;0;0;0;0;0;0;0;8116;0;8100;0;0;0
Pedro de Toledo ;3537206;20;0;0;0;0;0;0;0;0;0;0;0;0;0;0;0;0;0;0;0;0;0;20;0;0;0;0;0;0;0;0
Penápolis ;3537305;43425;0;0;1300;0;0;150;0;37000;0;10;0;0;0;0;0;0;0;0;0;0;0;15;0;0;150;0;4800;0;0;0
Pereira Barreto ;3537404;36475;0;0;265;0;0;0;0;32000;0;0;0;0;0;0;675;0;0;0;0;0;0;50;10;0;1675;0;1500;300;0;0
Pereiras ;3537503;765;0;0;0;0;0;0;0;500;0;0;0;0;0;0;0;0;0;0;0;0;0;0;0;0;250;0;0;15;0;0
Peruíbe ;3537602;50;0;0;0;0;0;0;0;0;0;0;0;0;0;0;0;0;0;0;0;0;0;50;0;0;0;0;0;0;0;0
Piacatu ;3537701;6820;0;0;0;0;0;60;0;6500;0;0;0;0;0;0;0;0;0;0;0;0;0;2;0;0;90;0;160;0;8;0
Piedade ;3537800;2247;0;5;0;0;0;200;10;0;0;650;0;0;0;0;30;0;0;0;0;0;0;40;0;0;1000;0;200;0;12;0
Pilar do Sul ;3537909;18812;0;0;0;0;0;0;242;0;0;0;0;0;0;0;550;0;0;0;0;0;0;5;0;0;8000;0;7500;0;15;0
Pindamonhangaba ;3538006;1873;0;0;0;450;0;0;0;0;0;0;0;0;0;0;13;0;0;0;0;0;0;13;0;0;770;0;620;0;7;0
Pindorama ;3538105;8606;0;0;223;0;0;3;0;8000;0;0;0;0;0;0;0;0;0;0;0;0;0;30;0;0;150;0;200;0;0;0
Pinhalzinho ;3538204;1731;0;0;0;0;0;0;100;6;0;0;0;0;0;0;10;0;0;0;0;0;0;5;0;0;1000;0;600;0;10;0
Piquerobi ;3538303;1749;0;0;245;0;0;0;0;584;0;0;0;0;0;0;0;0;0;0;0;0;0;10;0;0;630;0;280;0;0;0
Piquete ;3538501;10;0;0;0;0;0;0;0;0;0;0;0;0;0;0;0;0;0;0;0;0;0;0;0;0;10;0;0;0;0;0
Piracaia ;3538600;216;0;0;0;0;0;0;0;50;0;0;0;0;0;0;10;0;0;0;0;0;0;10;0;0;140;0;0;0;6;0
Piracicaba ;3538709;51508;0;0;0;0;0;68;0;48000;0;0;0;0;0;0;140;0;0;0;0;0;0;150;30;0;1900;0;1200;0;0;0
Piraju ;3538808;20551;0;0;0;0;0;0;200;2600;0;0;0;0;0;0;500;0;0;0;0;0;0;0;0;0;6000;0;9500;750;1;0
Pirajuí ;3538907;22158;0;0;1200;0;0;0;0;17800;0;0;0;0;0;0;0;0;0;0;0;0;0;0;200;0;1300;0;1650;0;8;0
Pirangi ;3539004;11646;0;0;25;0;0;0;0;11350;0;0;0;0;0;0;0;0;0;0;0;0;0;10;0;0;10;0;250;0;1;0
Pirapora do Bom Jesus ;3539103;0;0;0;0;0;0;0;0;0;0;0;0;0;0;0;0;0;0;0;0;0;0;0;0;0;0;0;0;0;0;0
Pirapozinho ;3539202;19885;0;0;3;0;0;300;0;18360;0;0;0;0;0;0;0;0;0;0;0;0;0;30;0;0;580;0;612;0;0;0
Pirassununga ;3539301;33596;396;0;0;0;0;0;0;22500;0;0;0;0;0;0;0;0;0;0;0;0;0;250;0;0;4800;0;5500;150;0;0
Piratininga ;3539400;1685;0;0;0;0;0;40;0;1300;0;0;0;0;0;0;1;0;0;0;0;0;0;30;50;0;50;0;180;0;2;0
Pitangueiras ;3539509;32242;0;8;1000;0;0;0;0;30500;0;0;0;0;0;0;0;0;0;0;0;0;0;4;0;0;130;0;600;0;0;0
Planalto ;3539608;13672;0;0;600;0;0;22;0;12000;0;0;0;0;0;0;0;0;0;0;0;0;0;0;0;0;200;0;850;0;0;0
Platina ;3539707;27890;0;0;0;0;200;0;0;9000;0;0;0;0;0;0;0;0;0;0;0;0;0;700;0;0;8810;0;9010;170;0;0
Poá ;3539806;0;0;0;0;0;0;0;0;0;0;0;0;0;0;0;0;0;0;0;0;0;0;0;0;0;0;0;0;0;0;0
Poloni ;3539905;6605;0;0;50;0;0;0;0;5900;0;0;0;0;0;0;0;0;0;0;0;0;0;5;0;0;450;0;200;0;0;0
Pompéia ;3540002;19200;0;0;4800;0;0;0;0;13400;0;0;0;0;0;0;0;0;0;0;0;0;0;0;0;0;700;0;300;0;0;0
Pongaí ;3540101;6099;0;0;12;0;0;0;0;5572;0;0;0;0;0;0;0;0;0;0;0;0;0;0;75;0;340;0;100;0;0;0
Pontal ;3540200;28880;0;0;1200;0;0;0;0;26160;0;0;0;0;0;0;0;0;0;0;0;0;0;0;0;0;200;0;1320;0;0;0
Pontalinda ;3540259;6639;0;0;0;0;0;0;0;6050;0;0;0;0;0;0;0;0;0;0;0;0;0;22;0;0;250;0;310;0;2;0
Pontes Gestal ;3540309;9989;0;0;20;0;0;0;0;8400;0;0;0;0;0;0;72;0;0;0;0;0;0;0;0;0;135;0;1300;62;0;0
Populina ;3540408;11653;0;0;0;0;0;0;0;11400;0;0;0;0;0;0;0;0;0;0;0;0;0;0;0;0;50;0;200;0;0;0
Porangaba ;3540507;1237;0;0;0;0;0;0;0;235;0;0;0;0;0;0;12;0;0;0;0;0;0;0;0;0;805;0;160;25;0;0
Porto Feliz ;3540606;16250;0;0;0;0;0;0;0;15000;0;0;0;0;0;0;0;0;0;0;0;0;0;250;0;0;600;0;400;0;0;0
Porto Ferreira ;3540705;11836;0;0;39;0;0;0;300;7300;0;0;0;0;0;0;250;0;0;0;0;0;0;10;0;0;1900;0;1650;220;17;0
Potim ;3540754;400;0;0;0;370;0;0;0;0;0;0;0;0;0;0;0;0;0;0;0;0;0;0;0;0;0;0;30;0;0;0
Potirendaba ;3540804;14723;0;0;300;0;0;0;0;11900;0;0;0;0;0;0;20;0;0;0;0;0;0;40;2;0;921;0;1500;0;0;0
Pracinha ;3540853;1025;0;0;0;0;0;0;0;750;0;0;0;0;0;0;0;0;0;0;0;0;0;80;0;0;25;0;170;0;0;0
Pradópolis ;3540903;13621;0;0;200;35;0;0;0;10500;0;0;0;0;0;0;27;0;0;0;0;0;0;70;1;0;540;0;2245;0;0;0
Praia Grande ;3541000;0;0;0;0;0;0;0;0;0;0;0;0;0;0;0;0;0;0;0;0;0;0;0;0;0;0;0;0;0;0;0
Pratânia ;3541059;9428;0;0;0;0;0;0;0;8400;0;0;0;0;0;0;0;0;0;0;0;0;0;0;0;0;578;0;310;140;0;0
Presidente Alves ;3541109;579;0;0;0;0;0;0;0;421;0;0;0;0;0;0;15;0;0;0;0;0;0;68;0;0;75;0;0;0;0;0
Presidente Bernardes ;3541208;9324;0;0;100;0;0;400;0;4474;0;0;0;0;0;0;0;0;0;0;0;0;0;50;0;0;2000;0;2300;0;0;0
Presidente Epitácio ;3541307;14934;0;0;0;0;0;5;0;14431;0;0;0;0;0;0;30;0;0;0;0;0;0;50;5;0;400;0;0;0;8;0
Presidente Prudente ;3541406;7582;0;0;0;0;0;800;0;6482;0;0;0;0;0;0;0;0;0;0;0;0;0;50;0;0;250;0;0;0;0;0
Presidente Venceslau ;3541505;4297;0;0;0;0;0;0;0;3661;0;0;0;0;0;0;0;0;0;0;0;0;0;84;100;0;450;0;0;0;0;0
Promissăo ;3541604;25114;0;0;2000;0;0;50;0;20000;0;0;0;0;0;0;0;0;0;0;0;0;0;250;10;0;600;0;2200;0;4;0
Quadra ;3541653;8186;0;0;0;0;0;0;50;5115;0;0;0;0;0;0;170;0;0;0;0;0;0;5;0;0;1040;0;1800;0;6;0
Quatá ;3541703;29420;0;0;400;0;0;210;0;26020;0;0;0;0;0;0;0;0;0;0;0;0;0;490;0;0;800;0;1500;0;0;0
Queiroz ;3541802;8126;0;0;726;0;0;100;0;6850;0;0;0;0;0;0;0;0;0;0;0;0;0;300;50;0;0;0;100;0;0;0
Queluz ;3541901;59;0;0;0;1;0;0;0;22;0;0;0;0;0;0;8;0;0;0;0;0;0;10;0;0;18;0;0;0;0;0
Quintana ;3542008;9380;0;0;2000;0;0;0;0;6500;0;0;0;0;0;0;40;0;0;0;0;0;0;240;0;0;200;0;400;0;0;0
Rafard ;3542107;7251;0;0;0;1;0;0;0;7200;0;0;0;0;0;0;0;0;0;0;0;0;0;0;0;0;50;0;0;0;0;0
Rancharia ;3542206;91623;0;0;10500;0;0;85;0;40310;0;0;0;0;0;0;0;0;0;0;0;0;0;820;150;0;18100;0;21500;150;8;0
Redençăo da Serra ;3542305;26;0;0;0;0;0;0;0;4;0;0;0;0;0;0;0;0;0;0;0;0;0;4;0;0;10;0;0;0;8;0
Regente Feijó ;3542404;4910;0;0;750;0;0;450;0;2390;0;0;0;0;0;0;0;0;0;0;0;0;0;240;0;0;180;0;900;0;0;0
Reginópolis ;3542503;12213;0;0;300;0;0;0;0;9637;0;0;0;0;0;0;0;0;0;0;0;0;0;0;500;0;800;0;900;0;76;0
Registro ;3542602;586;0;0;0;460;0;12;0;13;0;0;0;0;0;0;20;0;0;0;0;0;0;60;1;0;20;0;0;0;0;0
Restinga ;3542701;9860;0;0;0;0;0;0;0;9500;0;0;0;0;0;0;0;0;0;0;0;0;0;9;0;0;200;0;150;0;1;0
Ribeira ;3542800;166;0;0;0;3;0;3;0;60;0;0;0;0;0;0;26;0;0;0;0;0;0;40;1;0;20;0;0;0;12;0
Ribeirăo Bonito ;3542909;18174;0;0;0;0;0;0;0;18000;0;0;0;0;0;0;0;0;0;0;0;0;0;74;0;0;100;0;0;0;0;0
Ribeirăo Branco ;3543006;5050;0;0;0;0;0;3;1;0;0;80;0;0;0;0;65;0;0;0;0;0;0;20;1;0;3500;0;480;0;800;0
Ribeirăo Corrente ;3543105;3352;0;0;0;0;0;0;0;3000;0;0;0;0;0;0;0;0;0;0;0;0;0;1;0;0;150;0;200;0;1;0
Ribeirăo do Sul ;3543204;25338;0;0;0;0;500;0;0;3700;0;0;0;0;0;0;220;0;0;0;0;0;0;600;0;0;7950;0;12100;150;1;0
Ribeirăo dos Índios ;3543238;4292;0;0;1230;0;0;75;0;1829;0;0;0;0;0;0;104;0;0;0;0;0;0;20;0;0;388;0;646;0;0;0
Ribeirăo Grande ;3543253;4787;0;0;0;0;0;4;0;2;0;20;0;0;0;0;160;0;0;0;0;0;0;30;0;0;2700;0;1600;51;90;0
Ribeirăo Pires ;3543303;0;0;0;0;0;0;0;0;0;0;0;0;0;0;0;0;0;0;0;0;0;0;0;0;0;0;0;0;0;0;0
Ribeirăo Preto ;3543402;39524;0;0;700;0;0;0;0;37104;0;0;0;0;0;0;38;0;0;0;0;0;0;180;0;0;800;0;700;0;2;0
Riversul ;3543600;7124;0;0;0;0;500;0;0;150;0;0;0;0;0;0;120;0;0;0;0;0;0;3;0;0;1400;0;4500;150;1;0
Rifaina ;3543709;2560;0;0;0;0;0;0;0;2500;0;0;0;0;0;0;0;0;0;0;0;0;0;0;0;0;50;0;10;0;0;0
Rincăo ;3543808;18830;0;0;200;0;0;0;0;18500;0;0;0;0;0;0;0;0;0;0;0;0;0;0;0;0;30;0;100;0;0;0
Rinópolis ;3543907;4900;100;0;500;0;0;0;0;3500;0;0;0;0;0;0;0;0;0;0;0;0;0;300;0;0;400;0;100;0;0;0
Rio Claro ;3544004;16892;0;0;3;0;0;0;0;15000;0;0;0;0;0;0;4;0;80;0;0;0;0;70;0;0;1530;0;160;24;21;0
Rio das Pedras ;3544103;15276;0;0;0;0;0;0;0;14500;0;0;0;0;0;0;0;0;0;0;0;0;0;1;0;0;205;0;500;70;0;0
Rio Grande da Serra ;3544202;0;0;0;0;0;0;0;0;0;0;0;0;0;0;0;0;0;0;0;0;0;0;0;0;0;0;0;0;0;0;0
Riolândia ;3543501;24490;900;0;0;0;0;0;0;20300;0;0;0;0;0;0;410;0;0;0;0;0;0;0;0;0;480;0;2400;0;0;0
Rosana ;3544251;12329;200;0;0;0;0;0;0;2626;0;0;0;0;0;0;0;0;0;0;0;0;0;2503;0;0;2600;0;4400;0;0;0
Roseira ;3544301;1370;0;0;0;1200;0;0;0;0;0;0;0;0;0;0;0;0;0;0;0;0;0;0;0;0;20;0;150;0;0;0
Rubiácea ;3544400;10708;0;0;177;0;0;0;0;10100;0;0;0;0;0;0;5;0;0;0;0;0;0;24;0;0;165;0;215;0;22;0
Rubinéia ;3544509;2323;0;0;0;0;0;0;0;2200;0;0;0;0;0;0;0;0;0;0;0;0;0;2;0;0;50;0;70;0;1;0
Sabino ;3544608;12179;0;0;774;0;0;17;0;9118;0;0;0;0;0;0;0;0;0;0;0;0;0;0;0;0;960;0;1210;0;100;0
Sagres ;3544707;3934;0;0;65;0;0;45;0;3600;0;0;0;0;0;0;0;0;0;0;0;0;0;97;12;0;25;0;90;0;0;0
Sales ;3544806;13915;0;0;800;0;0;0;0;12500;0;0;0;0;0;0;0;0;0;0;0;0;0;15;0;0;500;0;100;0;0;0
Sales Oliveira ;3544905;24455;0;0;150;0;0;0;0;21630;0;0;0;0;0;0;0;0;0;0;0;0;0;5;0;0;250;0;2350;70;0;0
Salesópolis ;3545001;18;0;0;0;0;0;0;0;0;0;0;0;0;0;0;0;0;0;0;0;0;0;13;0;0;0;0;0;0;5;0
Salmourăo ;3545100;6215;0;0;600;0;0;70;0;4680;0;0;0;0;0;0;0;0;0;0;0;0;0;270;25;0;320;0;250;0;0;0
Saltinho ;3545159;3527;0;0;0;0;0;0;0;3390;0;0;0;0;0;0;0;0;0;0;0;0;0;3;0;0;120;0;14;0;0;0
Salto ;3545209;1705;0;0;0;0;0;0;0;1200;0;0;0;0;0;0;30;0;0;0;0;0;0;15;0;0;300;0;160;0;0;0
Salto de Pirapora ;3545308;3785;0;0;0;0;0;0;0;0;0;10;0;0;0;0;295;0;0;0;0;0;0;75;0;0;1450;0;1250;95;10;0
Salto Grande ;3545407;23342;0;0;0;0;0;0;0;900;0;0;0;0;0;0;470;0;0;0;0;0;0;2;0;0;9150;0;12200;500;0;0
Sandovalina ;3545506;27524;0;0;0;0;0;0;0;23113;0;0;0;0;0;0;0;0;0;0;0;0;0;200;0;0;2618;0;1593;0;0;0
Santa Adélia ;3545605;24019;0;0;100;0;0;30;0;23000;0;0;0;0;0;0;0;0;0;0;0;0;0;9;0;0;80;0;800;0;0;0
Santa Albertina ;3545704;6670;0;0;0;0;0;0;0;6600;0;0;0;0;0;0;0;0;0;0;0;0;0;4;0;0;60;0;0;0;6;0
Santa Bárbara d'Oeste ;3545803;10940;0;0;0;0;0;0;0;10000;0;0;0;0;0;0;0;0;20;0;0;0;0;20;0;0;700;0;200;0;0;0
Santa Branca ;3546009;7;0;0;0;2;0;0;0;1;0;0;0;0;0;0;2;0;0;0;0;0;0;1;0;0;1;0;0;0;0;0
Santa Clara d'Oeste ;3546108;311;0;0;0;0;0;0;0;0;0;0;0;0;0;0;0;0;0;0;0;0;0;1;0;0;190;0;120;0;0;0
Santa Cruz da Conceiçăo ;3546207;5140;0;0;48;0;0;0;0;3900;0;0;0;0;0;0;30;0;0;0;0;0;0;11;0;0;250;0;600;300;1;0
Santa Cruz da Esperança ;3546256;7844;0;0;0;0;0;0;0;7387;0;0;0;0;0;0;0;0;0;0;0;0;0;6;0;0;250;0;200;0;1;0
Santa Cruz das Palmeiras ;3546306;19743;0;0;0;0;0;0;58;16271;0;0;0;0;0;0;237;0;0;0;0;0;0;44;0;0;1190;0;1500;56;0;0
Santa Cruz do Rio Pardo ;3546405;73002;0;0;0;0;1000;0;0;25050;0;0;0;0;0;0;650;0;0;0;0;0;0;502;500;0;13500;0;31000;560;20;0
Santa Ernestina ;3546504;7760;0;0;450;0;0;0;0;7105;0;0;0;0;0;0;0;0;0;0;0;0;0;15;0;0;40;0;150;0;0;0
Santa Fé do Sul ;3546603;349;0;0;0;0;0;0;0;164;0;0;0;0;0;0;0;0;0;0;0;0;0;11;2;0;172;0;0;0;0;0
Santa Gertrudes ;3546702;4925;0;0;0;0;0;0;0;4700;0;0;0;0;0;0;0;0;50;0;0;0;0;0;0;0;0;0;150;25;0;0
Santa Isabel ;3546801;14;0;0;0;0;0;0;0;0;0;0;0;0;0;0;0;0;0;0;0;0;0;14;0;0;0;0;0;0;0;0
Santa Lúcia ;3546900;15154;0;0;400;0;0;0;0;13800;0;0;0;0;0;0;150;0;0;0;0;0;0;2;0;0;400;0;400;0;2;0
Santa Maria da Serra ;3547007;6122;0;0;2;0;0;0;0;5000;0;0;0;0;0;0;0;0;0;0;0;0;0;900;0;0;220;0;0;0;0;0
Santa Mercedes ;3547106;7613;0;0;500;0;0;0;0;7050;0;0;0;0;0;0;0;0;0;0;0;0;0;63;0;0;0;0;0;0;0;0
Santana da Ponte Pensa ;3547502;2058;0;0;0;0;0;0;0;1550;0;0;0;0;0;0;0;0;0;0;0;0;0;5;0;0;73;0;430;0;0;0
Santana de Parnaíba ;3547403;0;0;0;0;0;0;0;0;0;0;0;0;0;0;0;0;0;0;0;0;0;0;0;0;0;0;0;0;0;0;0
Santa Rita d'Oeste ;3547601;5025;0;0;0;0;0;0;0;4910;0;0;0;0;0;0;0;0;0;0;0;0;0;15;0;0;100;0;0;0;0;0
Santa Rita do Passa Quatro ;3547650;19953;0;0;0;0;0;0;0;18800;0;0;0;0;0;0;0;0;0;0;0;0;0;65;0;0;780;0;300;0;8;0
Santa Rosa de Viterbo ;3547205;14403;0;0;250;0;0;0;0;12600;0;0;0;0;0;0;0;0;0;0;0;0;0;3;0;0;250;0;1300;0;0;0
Santa Salete ;3547304;130;0;0;0;0;0;0;0;102;0;0;0;0;0;0;0;0;0;0;0;0;0;3;0;0;25;0;0;0;0;0
Santo Anastácio ;3547700;6140;0;0;0;0;0;213;0;1273;0;0;0;0;0;0;53;0;0;0;0;0;0;5;0;0;135;0;4391;0;70;0
Santo André ;3547809;0;0;0;0;0;0;0;0;0;0;0;0;0;0;0;0;0;0;0;0;0;0;0;0;0;0;0;0;0;0;0
Santo Antônio da Alegria ;3547908;4730;0;0;0;0;0;0;0;3800;0;0;0;0;0;0;0;0;0;0;0;0;0;0;0;0;530;0;400;0;0;0
Santo Antônio de Posse ;3548005;3660;0;0;0;0;0;0;0;2900;0;0;0;0;0;0;0;0;0;0;0;0;0;160;0;0;500;0;100;0;0;0
Santo Antônio do Aracanguá ;3548054;27703;0;0;0;0;0;0;0;21750;0;0;0;0;0;0;90;0;0;0;0;0;0;12;0;0;1750;0;4100;0;1;0
Santo Antônio do Jardim ;3548104;500;0;0;0;0;0;0;0;0;0;0;0;0;0;0;0;0;0;0;0;0;0;0;0;0;500;0;0;0;0;0
Santo Antônio do Pinhal ;3548203;63;0;0;0;0;0;8;0;0;0;0;0;0;0;0;4;0;0;0;0;0;0;5;0;0;20;0;0;0;26;0
Santo Expedito ;3548302;1313;0;0;0;0;0;150;0;1083;0;0;0;0;0;0;0;0;0;0;0;0;0;0;0;0;80;0;0;0;0;0
Santópolis do Aguapeí ;3548401;3506;0;0;20;0;0;120;0;3366;0;0;0;0;0;0;0;0;0;0;0;0;0;0;0;0;0;0;0;0;0;0
Santos ;3548500;0;0;0;0;0;0;0;0;0;0;0;0;0;0;0;0;0;0;0;0;0;0;0;0;0;0;0;0;0;0;0
Săo Bento do Sapucaí ;3548609;110;0;0;0;0;0;10;0;0;0;0;0;0;0;0;5;0;0;0;0;0;0;0;0;0;80;0;0;0;15;0
Săo Bernardo do Campo ;3548708;0;0;0;0;0;0;0;0;0;0;0;0;0;0;0;0;0;0;0;0;0;0;0;0;0;0;0;0;0;0;0
Săo Carlos ;3548906;42128;0;0;450;0;0;0;0;38000;0;0;0;0;0;0;0;0;0;0;0;0;0;70;0;0;1800;0;1800;0;8;0
Săo Francisco ;3549003;1455;0;0;0;0;0;0;0;1300;0;0;0;0;0;0;0;0;0;0;0;0;0;15;0;0;10;0;130;0;0;0
Săo Joăo da Boa Vista ;3549102;13428;0;0;0;0;0;0;0;9000;0;0;0;0;0;0;0;0;0;0;0;0;0;70;0;0;4200;0;150;0;8;0
Săo Joăo das Duas Pontes ;3549201;4210;0;0;0;0;0;0;0;4200;0;0;0;0;0;0;0;0;0;0;0;0;0;0;0;0;10;0;0;0;0;0
Săo Joăo de Iracema ;3549250;4555;0;0;0;0;0;0;0;4200;0;0;0;0;0;0;0;0;0;0;0;0;0;5;0;0;50;0;300;0;0;0
Săo Joăo do Pau d'Alho ;3549300;6812;0;0;0;0;0;0;0;6800;0;0;0;0;0;0;0;0;0;0;0;0;0;3;0;0;9;0;0;0;0;0
Săo Joaquim da Barra ;3549409;28630;0;0;0;0;0;0;0;25000;0;0;0;0;0;0;14;0;0;0;0;0;0;0;0;0;227;0;3189;200;0;0
Săo José da Bela Vista ;3549508;21341;0;0;0;0;0;0;0;19200;0;0;0;0;0;0;0;0;0;0;0;0;0;7;0;0;250;0;1800;80;4;0
Săo José do Barreiro ;3549607;102;0;0;0;0;0;0;0;44;0;0;0;0;0;0;8;0;0;0;0;0;0;0;0;0;50;0;0;0;0;0
Săo José do Rio Pardo ;3549706;5030;0;0;0;0;0;0;100;2800;0;350;0;0;0;0;70;0;0;0;0;0;0;20;0;0;1200;0;290;0;50;0
Săo José do Rio Preto ;3549805;5790;0;0;0;0;0;3;0;5400;0;0;0;0;0;0;0;0;10;0;0;0;0;15;0;0;40;0;300;20;2;0
Săo José dos Campos ;3549904;0;0;0;0;0;0;0;0;0;0;0;0;0;0;0;0;0;0;0;0;0;0;0;0;0;0;0;0;0;0;0
Săo Lourenço da Serra ;3549953;0;0;0;0;0;0;0;0;0;0;0;0;0;0;0;0;0;0;0;0;0;0;0;0;0;0;0;0;0;0;0
Săo Luiz do Paraitinga ;3550001;340;0;0;0;0;0;0;0;13;0;0;0;0;0;0;5;0;0;0;0;0;0;6;0;0;310;0;0;0;6;0
Săo Manuel ;3550100;37972;0;0;0;0;0;0;0;37792;0;0;0;0;0;0;20;0;0;0;0;0;0;10;0;0;150;0;0;0;0;0
Săo Miguel Arcanjo ;3550209;24060;0;0;0;0;0;0;840;0;0;0;0;0;20;0;1650;0;0;0;0;0;0;30;60;0;9300;0;9000;0;160;0
Săo Paulo ;3550308;36;0;0;0;0;0;0;0;10;0;0;0;0;0;0;21;0;0;0;0;0;0;5;0;0;0;0;0;0;0;0
Săo Pedro ;3550407;12408;0;0;0;0;0;0;0;12000;0;0;0;0;0;0;0;0;0;0;0;0;0;24;4;0;280;0;100;0;0;0
Săo Pedro do Turvo ;3550506;27820;0;0;466;0;527;0;0;7888;0;0;0;0;0;0;90;0;0;0;0;0;0;1700;500;0;6307;0;8263;2070;9;0
Săo Roque ;3550605;1587;0;2;0;0;0;5;0;30;0;25;0;0;0;0;120;0;0;0;0;0;0;50;0;0;620;0;600;0;5;0
Săo Sebastiăo ;3550704;5;0;0;0;0;0;0;0;0;0;0;0;0;0;0;0;0;0;0;0;0;0;5;0;0;0;0;0;0;0;0
Săo Sebastiăo da Grama ;3550803;620;0;0;0;0;0;0;0;400;0;10;0;0;0;0;10;0;0;0;0;0;0;0;0;0;200;0;0;0;0;0
Săo Simăo ;3550902;30192;0;0;0;0;0;0;0;30103;0;0;0;0;0;0;6;0;0;0;0;0;0;0;0;0;70;0;0;0;13;0
Săo Vicente ;3551009;0;0;0;0;0;0;0;0;0;0;0;0;0;0;0;0;0;0;0;0;0;0;0;0;0;0;0;0;0;0;0
Sarapuí ;3551108;3229;0;0;0;0;0;0;0;0;0;0;0;0;0;0;225;0;0;0;0;0;0;180;200;0;1550;0;800;0;24;0
Sarutaiá ;3551207;4450;0;0;0;0;0;0;0;1000;0;0;0;0;0;0;0;0;0;0;0;0;0;0;0;0;1550;0;1900;0;0;0
Sebastianópolis do Sul ;3551306;10290;0;0;60;0;0;0;0;9700;0;0;0;0;0;0;0;0;0;0;0;0;0;0;0;0;300;0;220;0;10;0
Serra Azul ;3551405;16975;0;0;150;0;0;0;0;15955;0;0;0;0;0;0;0;0;0;0;0;0;0;60;0;0;10;0;800;0;0;0
Serrana ;3551603;7792;0;0;200;0;0;0;0;7192;0;0;0;0;0;0;0;0;0;0;0;0;0;0;0;0;200;0;200;0;0;0
Serra Negra ;3551504;727;0;0;0;0;0;0;0;30;0;0;0;0;0;0;35;0;0;0;0;0;0;0;0;0;350;0;280;0;32;0
Sertăozinho ;3551702;29940;0;0;1600;0;0;0;0;27500;0;0;0;0;0;0;0;0;0;0;0;0;0;0;0;0;240;0;600;0;0;0
Sete Barras ;3551801;365;0;0;0;240;0;2;0;2;0;0;0;0;0;0;10;0;0;0;0;0;0;60;0;0;50;0;0;0;0;0
Severínia ;3551900;7100;0;0;100;0;0;0;0;6600;0;0;0;0;0;0;0;0;0;0;0;0;0;0;0;0;200;0;200;0;0;0
Silveiras ;3552007;59;0;0;0;0;0;0;0;10;0;0;0;0;0;0;8;0;0;0;0;0;0;20;0;0;20;0;0;0;1;0
Socorro ;3552106;3448;0;0;0;3;0;10;210;300;0;0;0;0;0;0;300;0;0;0;0;0;0;20;0;0;1950;0;630;0;25;0
Sorocaba ;3552205;1421;0;0;0;0;0;0;0;242;0;0;0;0;0;0;102;0;0;0;0;0;0;60;0;0;512;0;500;0;5;0
Sud Mennucci ;3552304;21881;0;0;0;0;0;0;0;14275;0;0;0;0;0;0;3267;0;0;0;0;0;0;4;0;0;1291;0;2558;485;0;0
Sumaré ;3552403;3080;0;0;0;0;0;0;0;1400;0;0;0;0;0;0;0;0;250;0;0;0;0;30;0;0;400;0;600;0;400;0
Suzano ;3552551;2;0;0;0;0;0;2;0;0;0;0;0;0;0;0;0;0;0;0;0;0;0;0;0;0;0;0;0;0;0;0
Suzanápolis ;3552502;9995;0;0;0;0;0;0;0;8800;0;0;0;0;0;0;0;0;0;0;0;0;0;0;0;0;250;0;710;235;0;0
Tabapuă ;3552601;19803;0;0;110;0;0;0;0;19268;0;0;0;0;0;0;0;0;0;0;0;0;0;5;0;0;20;0;400;0;0;0
Tabatinga ;3552700;19415;0;0;400;0;0;0;0;17900;0;0;0;0;0;0;0;0;20;0;0;0;0;0;150;0;410;0;520;0;9;0
Taboăo da Serra ;3552809;0;0;0;0;0;0;0;0;0;0;0;0;0;0;0;0;0;0;0;0;0;0;0;0;0;0;0;0;0;0;0
Taciba ;3552908;36607;0;0;100;0;0;0;0;18457;0;0;0;0;0;0;0;0;0;0;0;0;0;0;50;0;9000;0;9000;0;0;0
Taguaí ;3553005;5820;0;0;0;0;0;0;0;0;0;0;0;0;0;0;250;0;0;0;0;0;0;50;0;0;3500;0;1620;0;0;0
Taiaçu ;3553104;8237;0;0;450;0;0;2;0;7300;0;145;0;0;0;0;0;0;0;0;0;0;0;90;0;0;100;0;150;0;0;0
Taiúva ;3553203;8771;0;0;700;0;0;12;0;7700;0;0;0;0;0;0;0;0;0;0;0;0;0;142;0;0;130;0;80;0;7;0
Tambaú ;3553302;19155;0;0;100;0;0;0;140;17000;0;0;0;0;0;0;140;0;0;0;0;0;0;130;0;0;830;0;800;0;15;0
Tanabi ;3553401;27350;0;0;1000;0;0;0;0;24000;0;0;0;0;0;0;0;0;0;0;0;0;0;45;20;0;1100;0;1150;0;5;0
Tapiraí ;3553500;40;0;0;0;0;0;40;0;0;0;0;0;0;0;0;0;0;0;0;0;0;0;0;0;0;0;0;0;0;0;0
Tapiratiba ;3553609;5142;0;0;0;0;0;0;0;4000;0;0;0;0;0;0;0;0;0;0;0;0;0;140;0;0;300;0;700;0;2;0
Taquaral ;3553658;2255;0;0;25;0;0;0;0;2180;0;0;0;0;0;0;0;0;0;0;0;0;0;0;0;0;0;0;50;0;0;0
Taquaritinga ;3553708;33275;0;0;1700;0;0;20;0;28900;0;110;0;0;0;0;0;0;0;0;0;0;0;120;0;0;1000;0;1400;0;25;0
Taquarituba ;3553807;41201;150;0;0;0;0;0;58;300;0;0;0;266;0;0;2318;0;0;0;0;0;0;14;0;0;7030;0;20400;2000;0;0
Taquarivaí ;3553856;20227;0;0;0;0;0;50;900;0;0;1;0;0;0;0;1000;0;0;0;0;0;0;5;1;0;5000;0;9000;500;130;0
Tarabai ;3553906;5243;0;0;0;0;0;90;0;4893;0;0;0;0;0;0;0;0;0;0;0;0;0;40;0;0;120;0;100;0;0;0
Tarumă ;3553955;25018;0;0;0;0;45;0;0;17769;0;0;0;0;0;0;0;0;0;0;0;0;0;4;0;0;3100;0;4100;0;0;0
Tatuí ;3554003;18640;0;0;0;0;0;0;100;9850;0;0;0;0;0;0;300;0;0;0;0;0;0;135;10;0;5200;0;3000;40;5;0
Taubaté ;3554102;2805;0;0;0;280;0;0;0;0;0;0;0;0;0;0;60;0;0;0;0;0;0;44;0;0;196;0;2000;0;0;0
Tejupá ;3554201;7430;0;0;0;0;500;0;0;0;0;0;0;0;0;0;350;0;0;0;0;0;0;0;0;0;780;0;3000;1500;0;0
Teodoro Sampaio ;3554300;36825;0;0;1306;0;0;0;0;29182;0;0;0;0;0;0;0;0;0;0;0;0;0;3843;0;0;1069;0;1425;0;0;0
Terra Roxa ;3554409;16800;0;0;200;0;0;0;0;15000;0;0;0;0;0;0;0;0;0;0;0;0;0;0;0;0;100;0;1500;0;0;0
Tietę ;3554508;17183;0;0;0;0;0;0;0;14600;0;0;0;0;0;0;70;3;0;0;0;0;0;0;0;0;2500;0;0;0;10;0
Timburi ;3554607;996;0;0;0;0;96;0;0;20;0;0;0;0;0;0;0;0;0;0;0;0;0;0;0;0;210;0;670;0;0;0
Torre de Pedra ;3554656;9;0;0;0;0;0;0;0;7;0;0;0;0;0;0;0;0;0;0;0;0;0;2;0;0;0;0;0;0;0;0
Torrinha ;3554706;7825;0;0;0;0;0;0;0;6100;0;0;0;0;0;0;0;0;25;0;0;0;0;80;0;0;620;0;1000;0;0;0
Trabiju ;3554755;2515;0;0;50;0;0;0;0;2400;0;0;0;0;0;0;0;0;0;0;0;0;0;0;0;0;30;0;35;0;0;0
Tremembé ;3554805;1244;0;0;0;900;0;0;0;0;0;0;0;0;0;0;0;0;0;0;0;0;0;54;0;0;200;0;90;0;0;0
Tręs Fronteiras ;3554904;1349;0;0;0;0;0;0;0;1100;0;0;0;0;0;0;0;0;0;0;0;0;0;25;0;0;200;0;20;0;0;0
Tuiuti ;3554953;1825;0;0;0;0;0;0;0;0;0;0;0;0;0;0;20;0;0;0;0;0;0;0;0;0;1800;0;0;0;5;0
Tupă ;3555000;18047;0;0;5200;0;0;35;0;7810;0;0;0;0;0;0;10;0;0;0;0;0;0;2480;100;0;1550;0;850;0;12;0
Tupi Paulista ;3555109;8504;0;0;60;0;0;27;0;8200;0;0;0;0;0;0;0;0;0;0;0;0;0;30;0;0;30;0;150;0;7;0
Turiúba ;3555208;5230;0;0;0;0;0;0;0;4706;0;0;0;0;0;0;0;0;0;0;0;0;0;0;0;0;82;0;441;0;0;0
Turmalina ;3555307;5330;0;0;0;0;0;0;0;4930;0;0;0;0;0;0;0;0;0;0;0;0;0;0;0;0;400;0;0;0;0;0
Ubarana ;3555356;14202;0;0;600;0;0;0;0;12900;0;0;0;0;0;0;0;0;0;0;0;0;0;2;0;0;200;0;500;0;0;0
Ubatuba ;3555406;20;0;0;0;0;0;0;0;0;0;0;0;0;0;0;0;0;0;0;0;0;0;20;0;0;0;0;0;0;0;0
Ubirajara ;3555505;1949;0;0;0;0;0;0;0;0;0;0;0;0;0;0;94;0;0;0;0;0;0;780;0;0;400;0;660;0;15;0
Uchoa ;3555604;14358;0;0;0;0;0;0;0;14000;0;0;0;0;0;0;0;0;0;0;0;0;0;50;0;0;250;0;58;0;0;0
Uniăo Paulista ;3555703;4334;0;0;200;0;0;0;0;3600;0;0;0;0;0;0;0;0;0;0;0;0;0;0;0;0;180;0;350;0;4;0
Urânia ;3555802;3460;0;0;0;0;0;0;0;3330;0;0;0;0;0;0;0;0;0;0;0;0;0;15;0;0;100;0;0;0;15;0
Uru ;3555901;5078;0;0;121;0;0;0;0;4798;0;0;0;0;0;0;0;0;0;0;0;0;0;0;99;0;60;0;0;0;0;0
Urupęs ;3556008;18762;0;0;300;0;0;0;0;18000;0;0;0;0;0;0;0;0;0;0;0;0;0;10;0;0;200;0;250;2;0;0
Valentim Gentil ;3556107;4333;0;0;0;0;0;0;0;4300;0;0;0;0;0;0;0;0;0;0;0;0;0;2;0;0;30;0;0;0;1;0
Valinhos ;3556206;36;0;0;0;0;0;0;0;0;0;0;0;0;0;0;2;0;0;0;0;0;0;3;0;0;30;0;0;0;1;0
Valparaíso ;3556305;59949;0;0;430;0;0;0;0;59100;0;0;0;0;0;0;0;0;0;0;0;0;0;9;0;0;380;0;0;0;0;0
Vargem ;3556354;1451;0;0;0;0;150;0;5;0;0;0;0;0;0;0;20;0;0;0;0;0;0;15;0;0;750;0;320;0;11;0
Vargem Grande do Sul ;3556404;11868;0;0;0;0;0;74;0;7020;0;120;0;0;0;0;500;0;0;0;0;0;0;14;0;0;3300;0;800;0;40;0
Vargem Grande Paulista ;3556453;0;0;0;0;0;0;0;0;0;0;0;0;0;0;0;0;0;0;0;0;0;0;0;0;0;0;0;0;0;0;0
Várzea Paulista ;3556503;0;0;0;0;0;0;0;0;0;0;0;0;0;0;0;0;0;0;0;0;0;0;0;0;0;0;0;0;0;0;0
Vera Cruz ;3556602;258;0;0;0;0;0;0;0;0;0;0;0;0;0;0;0;0;0;0;0;0;0;8;0;0;250;0;0;0;0;0
Vinhedo ;3556701;41;0;0;0;0;0;0;0;0;0;0;0;0;0;0;2;0;0;0;0;0;0;6;0;0;30;0;0;0;3;0
Viradouro ;3556800;16458;0;0;0;0;0;0;0;14800;0;0;0;0;0;0;0;0;0;0;0;0;0;8;0;0;150;0;1500;0;0;0
Vista Alegre do Alto ;3556909;4364;0;0;200;0;0;0;0;3965;0;47;0;0;0;0;0;0;0;0;0;0;0;52;0;0;100;0;0;0;0;0
Vitória Brasil ;3556958;513;0;0;0;0;0;0;0;350;0;0;0;0;0;0;0;0;0;0;0;0;0;3;0;0;40;0;120;0;0;0
Votorantim ;3557006;841;0;0;0;0;0;0;0;0;0;0;0;0;0;0;0;0;0;0;0;0;0;6;0;0;430;0;405;0;0;0
Votuporanga ;3557105;12640;0;0;0;0;0;0;0;12100;0;0;0;0;0;0;0;0;0;0;0;0;0;40;0;0;200;0;300;0;0;0
Zacarias ;3557154;9666;0;0;400;0;0;0;0;8000;0;0;0;0;0;0;0;0;36;0;0;0;0;0;0;0;680;0;500;50;0;0
Chavantes ;3557204;14088;0;0;0;0;0;0;0;9504;0;0;0;0;0;0;37;0;0;0;0;0;0;20;0;0;2098;0;2419;10;0;0
Estiva Gerbi ;3557303;1060;0;0;0;0;0;0;0;600;0;0;0;0;0;0;0;0;0;0;0;0;0;0;0;0;200;0;200;0;60;0
